address	unit	tw07_name	tw07_file	line	score	conf	evidence
800060E0	LLFileIO_Gc	loadActorTemplateCB	GenericActor.cpp	155	8	low	calls:2 strcmp,strcpy; size x1.1
800083A4	GoEntry	BlockOnAllJobsComplete	managerplat.cpp	1642	4	low	calls:1 printf; size x1.0
800097CC	StaticMemory	CO_TnTestHelp	TigerNetTestHarness.cpp	320	4	low	calls:1 printf; size x1.1
8000B130	urandom	Misc_RandFunc	URandom.c	90	12	med	callers:14 CharacterState_UpdateSKAState,ComicCam_I; size x2.9
8000B194	urandom	Misc_PMRand	URandom.c	161	3	low	size x1.5; gap 1/1
8000B1D4	urandom	Misc_SetSeedFunc	URandom.c	191	12	med	callers:4 GameModeReplay_SetupNextGolfer,REPLAY_Pl; size x1.8
8000B428	urandom	Misc_RandFuncg	URandom.c	342	5	low	calls:1 Misc_RandFunc; callers:1 GM_PgaTourSim_SimAdjustEntrantScores; size x5.8
8000D4F0	UStream	Stream_ParseBufs	UStream.c	1222	4	low	calls:1 Mem_cpy; size x3.1
8000E148	UStream	Stream_OpenStreamFiles	UStream.c	2514	4	low	calls:1 Mem_cpy; size x1.7
8000E254	UStream	Stream_OpenStreamFile	UStream.c	2625	4	low	calls:1 memset; size x1.7
8000E2B0	UStream	Stream_RegisterLoadChunkCallback	UStream.c	2660	6	low	callers:2 GameModeDriverPGATour_RegisterStreamClie; size x3.7
8000E358	UStream	Stream_UnregisterLoadChunkCallback	UStream.c	2714	6	low	callers:2 GameModeDriverPGATour_UnregisterStreamCl; size x1.7
8000E790	UStream	Stream_StreamLoadFixedSize	UStream.c	2920	7	low	calls:1 Mem_cpy; callers:1 GameModeDriverPGATour_LoadPGAtFromStream; size x1.5
8000E81C	UStream	Stream_StreamLoadVariableSize	UStream.c	2956	4	low	callers:2 GameModeDriverPGATour_Locale_PgaTourMode; size x5.6
8000FBB0	LLTex	TX_spParseTextureGroupFromStream	LLTex.c	306	5	low	file:lltex.c; calls:1 Mem_cpy; size x0.8
800128F8	UFont	FO_vAddStringToDisplayList	UFont.c	649	4	low	calls:1 Mem_cpy; size x1.5
8001497C	streammanagerhole	Emi_SetTrackVarRangeTmpl	HLAudEmitter.c	585	4	low	calls:1 sprintf; size x1.3
80014A64	streammanagerhole	Emi_SetTrackStep	HLAudEmitter.c	619	4	low	calls:1 sprintf; size x1.0
80014BB4	streammanagerhole	Emi_SetTrackAttenuation	HLAudEmitter.c	652	4	low	calls:1 sprintf; size x1.4
80014C9C	streammanagerhole	Emi_SetTrackPitchFactor	HLAudEmitter.c	687	4	low	calls:1 sprintf; size x1.2
80014DFC	streammanagerhole	Emi_SetTrackPitchRamp	HLAudEmitter.c	723	4	low	calls:1 sprintf; size x3.2
8001529C	streammanagerhole	core::VerifyLockedHelper	system.cpp	1709	4	low	calls:1 strcpy; size x1.2
80015334	streammanagerhole	core::VerifyUnlockedHelper	system.cpp	1722	4	low	calls:1 strcpy; size x1.2
800153CC	streammanagerhole	GenericActor_CreateActorInstance	GenericActor.cpp	479	4	low	calls:1 strcpy; size x1.3
80017320	char_tex_manager	AptStreamSupport::ReleaseSubInstance	uiAptStreamSupport.cpp	1704	8	low	calls:2 strlen,strncmp; size x3.2
800178C8	char	Character_UpdateFeetTerrainInfo	char.c	464	15	med	flt:1; calls:1 Character_GetTerrainHeightAndNormal; callers:3 Character_SetPosition,Character_SetupFor; size x2.3
80017BB8	char	Character_UpdateTestPoints	char.c	511	9	low	callers:3 Character_SetPosition,Character_SetupFor; size x1.8
80017EF4	char	Character_UpdateAnimation	char.c	900	24	med	calls:8 CharacterState_UpdateSKAState,Character_PlaceFeetOnGround,Ch; size x1.7
80018710	char	Character_SetPreferedPos	char.c	1223	4	low	calls:1 SKEL_UpdateState; size x1.1
800187CC	char	Character_PlaceFeetOnGround	char.c	1241	18	med	flt:1; calls:1 Ter_GetEnclosingGroundData; callers:4 CharacterState_UpdateSKAState,Character_; size x1.8
80019234	char	Character_SetPosition	char.c	1356	19	med	calls:4 Character_PlaceFeetOnGround,Character_UpdateFeetTerrainInfo,; callers:1 STATEFUNC_RemoveBallInit; size x1.6
8001966C	char	Character_UpdateAll	char.c	2407	4	low	calls:1 Character_UpdateAnimation; size x1.6
8001B208	char	Character_PostStreamInit	char.c	2607	4	low	flt:1; file:char.c; size x3.2
8001C724	char	Character_SelectGameShotType	char.c	3023	9	low	callers:3 GameModeReplay_SetupNextGolfer,STATEFUNC; size x1.4
8001C774	char	Character_SelectGameClub	char.c	3084	9	low	callers:3 GameModeReplay_SetupNextGolfer,STATEFUNC; size x1.0
8001C7FC	char	Character_SetEmotion	char.c	3097	6	low	callers:1 CharacterState_SetTapInState; size x1.0; gap 1/1
8001C804	char	Character_AlignShotWithTarget	char.c	3123	12	med	callers:8 GM_CheckForShotChanges,STATEFUNC_GreenMo; size x1.7
8001C860	char	Character_SetupForShot	char.c	3262	23	high	calls:5 Character_PlaceFeetOnGround,Character_UpdateFeetTerrainInfo,; callers:1 Character_UpdateAnimation; size x1.2
8001D4A4	char	Emi_DebugPrint	HLAudEmitter.c	823	4	low	calls:1 sprintf; size x1.4
8001D8DC	char	Character_PrepareForRendering	char.c	3527	6	low	callers:2 STATEFUNC_InitialFlyByInit,STATEFUNC_Pre; size x2.2
8001F79C	mtalib	GM_PgaTourSim_ComputeVarianceForAIRamping	PGATourSimulation.c	977	4	low	calls:1 Misc_RandFunc; size x2.5
8001F804	mtalib	GM_PgaTourSim_RubberBandTiger	PGATourSimulation.c	3373	4	low	calls:1 memcpy; size x1.4
80021ADC	skalib	FindState	RNAFX.cpp	932	4	low	calls:1 strcmp; size x2.1
80022828	skalib	FE_CrAP_UpdateSaleInfo	FE_CrAPUtils.c	99	4	low	calls:1 Misc_RandFunc; size x1.7
80022EC8	skalib	FE_CrAP_RandomizeHair	FE_CrAPUtils.c	953	4	low	calls:1 Misc_RandFunc; size x1.0
80023F7C	skalib	GenericActor_RenderActor	GenericActor.cpp	645	6	low	calls:2 Mem_cpy,strcmp; size x0.5
800254C8	skalib	GenericActor_RenderActorShadow	GenericActor.cpp	733	4	low	calls:1 Mem_cpy; size x2.8
80025808	skalib	FindState	RNAFX.cpp	949	4	low	calls:1 strcmp; size x2.2
800263C8	skalib	FE_CrAP_LoadVitalsSettingsfromStream	FE_CrAPUtils.c	1896	4	low	calls:1 Mem_cpy; size x3.3
80026844	skalib	FE_CrAP_RemoveCustomAnimation	FE_CrAPUtils.c	2594	4	low	calls:1 strcmp; size x1.6
800279C0	Skeleton	SKEL_UpdateState	skeleton_shared.c	749	7	low	calls:1 SKEL_TransformBones; callers:1 Character_UpdateAnimation; size x1.3
80028314	Skeleton	SKEL_CreateIKSkeleton	skeleton_shared.c	851	8	low	flt:2; calls:1 SKEL_SetIKSolutionWeight; size x3.9
80028564	Skeleton	SKEL_LoadFromMem	skeleton_shared.c	1034	8	low	calls:2 SKEL_TransformBones,memset; size x2.3
8002B030	Golfer	AIBrain::Think	AI_Brain.cpp	379	7	low	calls:2 Mem_cpy,Physics_ShotImpact; size x0.8
8002B59C	Golfer	Physics_InitModule	Physics.c	5667	8	low	flt:4; size x2.7
8002D074	Golfer	CSpectatorBehavior::AddTunerControls	spectatorBehavior.cpp	994	4	low	flt:2; size x1.5
8002E310	Golfer	GolfCamera_InitTigerVisionCam	GoGolfCam.c	6170	8	low	flt:2; calls:1 Mem_cpy; size x1.1
8002E760	Golfer	GolfCamera_IsMatrixCamActive	GoGolfCam.c	13129	6	low	callers:2 GolfCamera_ProcessBallFlightCamera,STATE; size x2.0
8002EE1C	Golfer	FE_CrAP_RandomizeBrow	FE_CrAPUtils.c	1048	4	low	calls:1 Misc_RandFunc; size x1.3
800364AC	Skin	UIGameFace::AppendCurrentClothingToAssetList	UI_GameFace.cpp	3451	4	low	calls:1 memset; size x1.3
800377FC	Skin	UIGameFace::ControlLogo	UI_GameFace.cpp	4215	8	low	calls:2 memcpy,memset; size x1.6
80039FF8	GoDynamicCam	DynamicCam_Init	GoDynamicCam.c	1530	8	low	file:godynamiccam.c; callers:2 GO_vInitFE,GO_vInitIG; size x1.3
8003A074	GoDynamicCam	DynamicCam_DeInit	GoDynamicCam.c	1550	3	low	size x2.1; gap 1/1
8003A148	GoDynamicCam	DynamicCam_ProcessScript	GoDynamicCam.c	1615	8	low	callers:3 CamScript_RunFEScript,CamScript_RunScrip; size x0.7
8003A7C8	GoDynamicCam	DynamicCam_ChooseScript	GoDynamicCam.c	1814	16	med	calls:1 Misc_RandFunc; callers:9 ComicCam_CheckForCameraSwitch,ComicCam_S; size x1.9
8003A8C4	GoDynamicCam	DynamicCam_ChooseScriptByName	GoDynamicCam.c	1874	6	low	callers:1 GolfCamera_SwitchCrAPCamera; size x1.5; gap 1/1
8003A950	GoDynamicCam	DynamicCam_ChooseScriptInSequence	GoDynamicCam.c	1903	16	med	calls:1 Misc_RandFunc; callers:8 GolfCamera_ChooseReactionCam,GolfCamera_; size x1.5
8003AC50	GoDynamicCam	DynamicCam_TrackPercent	GoDynamicCam.c	2241	8	low	calls:2 DynamicCam_GetLocation,GameEffects_BallUpdatesThisFrame; size x1.2
8003ADF8	GoDynamicCam	DynamicCam_TrackOffset	GoDynamicCam.c	2305	8	low	calls:2 DynamicCam_GetLocation,GameEffects_BallUpdatesThisFrame; size x2.8
8003B028	GoDynamicCam	DynamicCam_TrackBallVelocityLag	GoDynamicCam.c	2415	8	low	calls:2 DynamicCam_GetLocation,powf; size x1.7
8003B534	GoDynamicCam	DynamicCam_TrackBallVelocityTight	GoDynamicCam.c	2648	4	low	calls:1 DynamicCam_GetLocation; size x1.6
8003B6D0	GoDynamicCam	DynamicCam_TrackFixed	GoDynamicCam.c	2735	4	low	calls:1 DynamicCam_GetLocation; size x1.1
8003B728	GoDynamicCam	DynamicCam_GetLocation	GoDynamicCam.c	3440	11	med	calls:2 CamScript_PutBackOnFairway,DynamicCam_GetLocation; callers:1 DynamicCam_GetLocation; size x1.5
8003BDBC	GoDynamicCam	DynamicCam_ChooseSequence	GoDynamicCam.c	3771	10	med	calls:1 Misc_RandFunc; callers:2 GolfCamera_ChooseReactionCam,GolfCamera_; size x1.3
8003C2E0	GoDynamicCam	DynamicCam_ChoosePreFlightSequence	GoDynamicCam.c	3948	17	med	calls:2 Misc_RandFunc,Ter_CheckObjectAndHazardObstruction; callers:3 GolfCamera_InitPreShotCamera,GolfCamera_; size x1.2
8003C800	GoDynamicCam	FE_CrAP_RandomizeFacialHair	FE_CrAPUtils.c	1114	4	low	calls:1 Misc_RandFunc; size x2.3
8003C9D0	GoDynamicCam	DynamicCam_ChoosePairedSequenceOrCamera	GoDynamicCam.c	4220	9	low	callers:3 GolfCamera_ChooseReactionCam,GolfCamera_; size x2.6
8003D414	GoDynamicCam	DynamicCam_AddHeightOffset	GoDynamicCam.c	5080	4	low	calls:1 GameEffects_BallUpdatesThisFrame; size x1.7
8003D9AC	GoDynamicCam	DynamicCam_GetSmoothBallLocation	GoDynamicCam.c	5527	11	med	flt:1; callers:3 CamScript_GetLookAtPoint,CamScript_RunSc; size x1.9
8003DCE8	gocamscripts	CamScript_RunScript	GoCamScripts.c	360	36	high	calls:9 CamScript_CheckOutOfBounds,CamScript_GetLookAtPoint,CamScrip; callers:7 CameraScript_GoToNewScript,CameraScript_; size x1.2
8003E624	gocamscripts	CamScript_RunFEScript	GoCamScripts.c	788	15	med	calls:3 CamScript_GetLookAtPoint,CamScript_SplineCameras,GameEffects; callers:1 GolfCamera_SwitchCrAPCamera; size x1.4
8003EA50	gocamscripts	CamScript_RunFlybyCamera	GoCamScripts.c	953	15	med	calls:3 CamScript_GetLookAtPoint,CamScript_SplineCameras,CameraScrip; callers:1 GolfCamera_ProcessPostShotCamera; size x1.2
8003EE68	gocamscripts	CamScript_SmoothTerrainHeight	GoCamScripts.c	1230	9	low	flt:1; calls:1 GOLFERSTATE_GetCurrentState; callers:1 CamScript_RunScript; size x1.3
8003F064	gocamscripts	CamScript_AccelerateTime	GoCamScripts.c	1388	6	low	callers:2 CamScript_RunFlybyCamera,CamScript_RunSc; size x0.9
8003F2E0	gocamscripts	CamScript_Fade	GoCamScripts.c	1795	7	low	callers:3 CamScript_RunFlybyCamera,CamScript_RunSc; size x0.5
8003F518	gocamscripts	CamScript_LerpPercentOfFlightCameras	GoCamScripts.c	2073	4	low	callers:2 CamScript_RunFEScript,CamScript_RunScrip; size x0.5
8003FD54	gocamscripts	CamScript_LerpFixedTargetCameras	GoCamScripts.c	2145	10	med	calls:1 CamScript_GetLookAtPoint; callers:2 CamScript_RunFEScript,CamScript_RunScrip; size x1.5
8004017C	gocamscripts	CamScript_LerpSwingToBallFlightCameras	GoCamScripts.c	2222	10	med	calls:1 CamScript_GetLookAtPoint; callers:2 CamScript_RunFEScript,CamScript_RunScrip; size x1.3
8004048C	gocamscripts	CamScript_SplineCameras	GoCamScripts.c	2371	17	med	calls:2 CamScript_GetLookAtPoint,GameEffects_FieldOfViewChange; callers:3 CamScript_RunFEScript,CamScript_RunFlyby; size x2.1
800407D4	gocamscripts	CamScript_ArcCameras	GoCamScripts.c	2490	5	low	callers:2 CamScript_RunFEScript,CamScript_RunScrip; size x0.6
80040A58	gocamscripts	CamScript_CircleCameras	GoCamScripts.c	2517	10	low	calls:1 GameEffects_FieldOfViewChange; callers:2 CamScript_RunFEScript,CamScript_RunScrip; size x0.9
80040CF0	gocamscripts	CamScript_PickArcDirection	GoCamScripts.c	2581	10	med	flt:1; calls:2 CamScript_GetLookAtPoint,Ter_PointInOOBNetwork; size x2.0
80040EF0	gocamscripts	CamScript_GetLookAtPoint	GoCamScripts.c	2674	24	high	calls:3 CameraScript_LagAimMarker,GOLFERSTATE_GetCurrentState,GameEf; callers:6 CamScript_PutBackOnFairway,CamScript_Run; size x1.8
800418B0	gocamscripts	CameraScript_CalculateShoulderShake	GoCamScripts.c	3141	5	low	flt:1; callers:1 CamScript_GetLookAtPoint; size x2.9
80041A24	gocamscripts	CameraScript_LagAimMarker	GoCamScripts.c	3249	9	low	callers:3 CamScript_GetLookAtPoint,GolfCamera_Proc; size x1.9
80041EA8	gocamscripts	CameraScript_LagBallFlight	GoCamScripts.c	3412	11	med	calls:2 GameEffects_BallUpdatesThisFrame,powf; callers:1 CamScript_GetLookAtPoint; size x2.0
800422C4	gocamscripts	CameraScript_LagTargetPoint	GoCamScripts.c	3587	7	low	calls:1 GameEffects_BallUpdatesThisFrame; callers:1 CamScript_GetLookAtPoint; size x1.6
8004255C	gocamscripts	CameraScript_OffsetLookVector	GoCamScripts.c	3700	6	low	callers:2 CamScript_GetLookAtPoint,CameraScript_La; size x1.8
80042604	gocamscripts	CameraScript_RecordCurrentCam	GoCamScripts.c	3750	26	high	str:1 'ON THE FLY CAM'; calls:1 GameEffects_FieldOfViewChange; callers:8 CamScript_PutBackOnFairway,CameraScript_; size x1.2
800427E8	gocamscripts	CameraScript_UpdateLandingEstimate	GoCamScripts.c	3821	11	med	calls:2 Ter_CheckForGroundCollision,powf; callers:1 CameraScript_GoToNewScript; size x1.9
80042B6C	gocamscripts	CameraScript_GoToNewScript	GoCamScripts.c	4000	23	high	calls:5 CamScript_RunScript,CameraScript_UpdateLandingEstimate,GOLFE; callers:1 CamScript_RunFlybyCamera; size x1.8
80042EDC	gocamscripts	CameraScript_InterpToNewScript	GoCamScripts.c	4211	28	high	calls:4 CameraScript_IsDefaultSwingCam,CameraScript_RecordCurrentCam; callers:20 CamScript_PutBackOnFairway,CamScript_Upd; size x1.5
80043388	gocamscripts	CameraScript_SnapToScript	GoCamScripts.c	4464	12	med	callers:4 CamScript_GetLookAtPoint,CamScript_RunFl; size x0.9
80043420	gocamscripts	CameraScript_GetBallHeightWithMaxHeight	GoCamScripts.c	4498	5	low	callers:1 CamScript_GetLookAtPoint; size x0.7; gap 1/2
8004349C	gocamscripts	CameraScript_KeepPointInView	GoCamScripts.c	4527	6	low	callers:1 CamScript_GetLookAtPoint; size x1.7; gap 2/2
800437F8	gocamscripts	CameraScript_IsDefaultSwingCam	GoCamScripts.c	4677	6	low	callers:2 CameraScript_InterpToNewScript,GolfCamer; size x1.5
80043920	gocamscripts	CameraScript_DontUpdateCameraDuringSlowMo	GoCamScripts.c	4723	7	low	calls:1 GameEffects_BallUpdatesThisFrame; callers:1 CamScript_RunScript; size x1.1
800439E4	gocamscripts	CamScript_CheckObstructedCamera	GoCamScripts.c	4767	7	low	calls:1 Ter_CheckObjectAndHazardObstruction; callers:1 CamScript_RunScript; size x2.0
80043AFC	gocamscripts	CamScript_CheckOutOfBounds	GoCamScripts.c	4819	7	low	calls:1 CamScript_PutBackOnFairway; callers:1 CamScript_RunScript; size x1.6
80043C74	gocamscripts	CamScript_GetCameraOnFairwayPos	GoCamScripts.c	4910	6	low	callers:2 CamScript_PutBackOnFairway,DynamicCam_Ge; size x2.0
800441E4	gocamscripts	CamScript_CheckFlagCollision	GoCamScripts.c	5156	6	low	callers:1 CamScript_RunScript; size x2.0; gap 1/1
800442E8	gocamscripts	CamScript_PutBackOnFairway	GoCamScripts.c	5205	25	high	calls:4 CamScript_GetLookAtPoint,CameraScript_InterpToNewScript,Came; callers:3 CamScript_CheckOutOfBounds,CamScript_Run; size x1.4
800444BC	gocamscripts	CamScript_UpdateFairwayCam	GoCamScripts.c	5280	11	med	calls:2 CamScript_GetLookAtPoint,CameraScript_InterpToNewScript; callers:1 CamScript_RunScript; size x1.5
800447DC	gocamscripts	CamScript_GuessBestPlayableHeight	GoCamScripts.c	5472	6	low	callers:2 CamScript_UpdateFairwayCam,CameraScript_; size x1.2
80044BD4	gocamscripts	CamScript_KeepAboveGround	GoCamScripts.c	5757	13	med	calls:1 Ter_CheckForGroundCollision; callers:3 CamScript_RunScript,GolfCamera_ProcessGr; size x2.2
80045038	gocamscripts	CameraScript_WillGolferBeOccludedInThisView	GoCamScripts.c	6126	28	high	calls:4 CamScript_RunScript,CameraScript_InterpToNewScript,Mem_cpy,T; callers:5 ComicCam_CheckForCameraSwitch,ComicCam_S; size x1.4
80045558	gocamscripts	STATEFUNC_InitialFlyByUpdate	stateFunc.c	5463	4	low	calls:1 EVENT_Trigger; size x2.9
80046288	GoDynObj	DynObj_InitForHole	GoDynObj.c	457	8	low	flt:5; size x1.6
800468B4	GoDynObj	DynObj_bAltShotDrawBall	GoDynObj.c	578	4	low	calls:1 GOLFERSTATE_GetCurrentState; size x1.2
80046928	GoDynObj	DynObj_RenderBalls	GoDynObj.c	713	4	low	calls:1 GOLFERSTATE_GetCurrentState; size x1.4
80046B8C	GoDynObj	DynObj_DrawBallMarkers	GoDynObj.c	778	4	low	calls:1 GOLFERSTATE_GetCurrentState; size x1.6
80047EF0	GoDynObj	DynObj_TeeAdd	GoDynObj.c	1682	9	low	callers:3 CamAnimDebug_UpdateCamAnimRun,STATEFUNC_; size x1.3
8004B5A8	GoTerrainCollision	Ter_PointInFreeDropNetwork	GoTerrainCollision.c	601	9	low	callers:3 GM_CheckForBallOOB,PlaceBall_IsValidDrop; size x1.3
8004B664	GoTerrainCollision	Ter_PointInOOBNetwork	GoTerrainCollision.c	655	12	med	callers:4 GM_ReplaceOOBBall,GM_ShowPostShotAnimati; size x1.5
8004C134	GoTerrainCollision	Ter_FindDropLocation	GoTerrainCollision.c	875	10	med	calls:1 Ter_CheckForDropLocation; callers:2 GM_BumpBallForObstructions,GM_ReplaceOOB; size x2.2
8004C590	GoTerrainCollision	Ter_CheckForDropLocation	GoTerrainCollision.c	1297	19	med	calls:4 Ter_CheckObjectAndHazardObstruction,Ter_GetSupportingGroundD; callers:1 Physics_Simulate; size x1.1
8004C798	GoTerrainCollision	Ter_IsValidDropSurface	GoTerrainCollision.c	1362	6	low	callers:2 Physics_Simulate,PlaceBall_IsValidDropLo; size x1.8
8004D5C0	GoTerrainCollision	Ter_GetHighestGroundHeight	GoTerrainCollision_Headgate.c	649	5	low	callers:2 Physics_DropBall,Physics_InitBall; size x0.8
8004D620	GoTerrainCollision	Ter_GetSupportingGroundHeight	GoTerrainCollision_Headgate.c	700	5	low	callers:3 GolfCamera_ProcessPostShotCamera,Physics; size x0.2
8004D838	GoTerrainCollision	Ter_GetSupportingWorldMaterial	GoTerrainCollision_Headgate.c	777	7	low	callers:3 Physics_DropBall,Physics_StopBall,PlaceB; size x0.6
8004D890	GoTerrainCollision	Ter_GetSupportingGroundData	GoTerrainCollision_Headgate.c	789	9	low	callers:3 Physics_GetShotData,PlaceBall_IsValidDro; size x1.0
8004D9A8	GoTerrainCollision	Ter_GetEnclosingGroundHeight	GoTerrainCollision_Headgate.c	821	9	low	callers:5 GM_MovePlayerToBall,GolfCamera_InitZoomT; size x0.4
8004D9E0	GoTerrainCollision	Ter_GetEnclosingGroundData	GoTerrainCollision_Headgate.c	835	14	med	flt:1; callers:4 Character_PlaceFeetOnGround,GM_ShowPostS; size x1.8
80050C2C	Ball	Physics_ForceBallInHole	Physics.c	863	5	low	flt:1; callers:1 Physics_CheckTerrainCollisions; size x1.0
80050CAC	Ball	Physics_OutOfBounds	Physics.c	875	13	med	calls:1 EVENT_Trigger; callers:3 Physics_CheckTerrainCollisions,Physics_F; size x1.4
80050F88	Ball	Physics_EstimateShotPower	Physics.c	1180	4	low	calls:1 Ter_GetSupportingGroundData; size x1.8
800510EC	Ball	Physics_GetLiePowerPercentage	Physics.c	1233	5	low	callers:2 CameraScript_UpdateLandingEstimate,GolfC; size x4.6
800512BC	Ball	Physics_GetShotData	Physics.c	1312	11	med	flt:2; calls:1 Ter_GetSupportingGroundData; callers:1 Physics_ShotImpact; size x1.6
80051A18	Ball	Physics_ThrowBall	Physics.c	1521	5	low	flt:1; size x1.9; gap 1/1
80051AF4	Ball	Physics_ShotImpact	Physics.c	1568	14	med	calls:2 EVENT_Trigger,Physics_GetShotData; callers:2 BreakLine_Reset,SW_vImpact; size x3.6
80052088	Ball	Physics_GetSurfaceInfo	Physics.c	1933	10	med	flt:1; calls:2 Physics_OutOfBounds,Ter_GetEnclosingGroundData; size x1.9
80052598	Ball	Physics_HandleCollision	Physics.c	2166	9	low	flt:1; calls:1 atan2f; callers:1 Physics_CheckTerrainCollisions; size x3.0
80053240	Ball	Physics_CheckPreConditionsForCollision	Physics.c	2863	7	low	flt:2; calls:1 Physics_OutOfBounds; callers:1 Physics_FixBallHeight; size x0.3
80053594	Ball	Physics_SetLie	Physics.c	3084	14	med	calls:2 EVENT_Trigger,Misc_RandFunc; callers:2 Physics_DropBall,Physics_StopBall; size x1.2
8005418C	Ball	Physics_FixBallHeight	Physics.c	3573	20	med	flt:3; calls:2 Physics_OutOfBounds,Ter_GetEnclosingGroundHeight; callers:2 Physics_QuickSimulate,Physics_StopBall; size x3.7
80054340	Ball	Physics_StopBall	Physics.c	3657	22	high	calls:4 EVENT_Trigger,Physics_FixBallHeight,Physics_SetLie,Ter_GetSu; callers:2 Physics_CheckTerrainCollisions,Physics_Q; size x1.7
80054450	Ball	Physics_CheckTerrainCollisions	Physics.c	3742	23	high	calls:5 EVENT_Trigger,Physics_HandleCollision,Physics_OutOfBounds,Ph; callers:1 Physics_QuickSimulate; size x3.7
80054A10	Ball	Physics_GetDistanceToCup	Physics.c	4009	6	low	callers:1 Physics_QuickSimulate; size x1.6; gap 1/1
80054A6C	Ball	Physics_InitShotData	Physics.c	4015	6	low	callers:2 STATEFUNC_PreShotInit,STATEFUNC_ShotSetu; size x2.1
80054D28	Ball	GolfCamera_ProcessSpecialMomentsCamera	GoGolfCam.c	9693	5	low	flt:1; calls:1 atan2f; size x0.8
800554A8	Ball	Physics_QuickSimulate	Physics.c	4549	14	med	flt:2; calls:3 Physics_CheckTerrainCollisions,Physics_FixBallHeight,Physics; callers:1 Physics_Simulate; size x15.7
8005567C	Ball	Physics_Simulate	Physics.c	4677	23	high	flt:1; calls:3 Physics_QuickSimulate,Ter_CheckForDropLocation,Ter_IsValidDr; callers:3 CamAnimDebug_UpdateCamAnimRun,GM_Simulat; size x1.9
800557B4	Ball	Physics_TimedSimulation	Physics.c	4811	6	low	flt:1; calls:1 Physics_QuickSimulate; size x1.6
8005587C	Ball	Physics_DropBall	Physics.c	4920	28	high	flt:5; calls:2 Physics_SetLie,Ter_GetSupportingWorldMaterial; callers:6 CamAnimDebug_UpdateCamAnimRun,GM_BumpBal; size x2.0
800559BC	Ball	Physics_SetBallPosition	Physics.c	5056	5	low	flt:1; callers:1 CamAnimDebug_UpdateCamAnimRun; size x1.4
80055AA8	Ball	Physics_InitBall	Physics.c	5085	12	med	callers:4 CamAnimDebug_UpdateCamAnimRun,GM_BumpBal; size x2.0
80055FC8	Ball	CSpectatorBehavior::BallBounce	spectatorBehavior.cpp	683	4	low	calls:1 Misc_RandFunc; size x2.2
800564D8	PasswordManager	TU_LoadTunerXML_StartCallback	InGameTune.c	2087	4	low	calls:1 strcmp; size x1.0
80057DA4	PasswordManager	FE_CrAP_GetAssetEquippedTokensForCurrentUser	FE_CrAPDB.c	5354	4	low	calls:1 memset; size x1.3
80057F18	fe_craputils	FE_CrAP_InitCrAPInfo	FE_CrAPUtils.c	2282	10	med	str:1 'NoLogoName'; size x1.6
80058560	fe_craputils	RNAX::cgUtilGetArraySize	CGFXShader.cpp	403	4	low	calls:1 strcpy; size x1.9
800587A8	fe_craputils	FindSampler	RNAFX.cpp	1512	4	low	calls:1 strcmp; size x1.1
800589F8	Swing	SW_vInitModule	Swing.c	1416	10	med	flt:14; calls:1 SW_vUIInit; callers:1 GO_vInitIG; size x15.3
80058FA4	Swing	SW_vInitSwing	Swing.c	2314	6	low	callers:2 STATEFUNC_ShotSetupInit,STATEFUNC_SwingI; size x1.6
80059050	Swing	SW_vStateInitBackSwing	Swing.c	2383	4	low	calls:1 CharacterState_UpdateSKAState; size x1.8
800591A0	Swing	SW_ProcessStateIdleSwingAnalogStick	Swing.c	2443	4	low	calls:1 EVENT_Trigger; size x1.2
8005934C	Swing	SW_ProcessStateBackSwingAnalogStick	Swing.c	2661	9	low	flt:1; calls:2 CharacterState_UpdateSKAState,EVENT_Trigger; size x0.8
80059A40	Swing	SW_vStateInitBackSwingFigit	Swing.c	3073	6	low	flt:1; calls:1 Character_UpdateAnimation; size x1.3
80059ACC	Swing	SW_vStateBackSwingFigit	Swing.c	3105	6	low	flt:1; calls:1 EVENT_Trigger; size x1.2
80059CE0	Swing	SW_vStateDownSwing	Swing.c	3220	8	low	calls:2 EVENT_Trigger,SW_vImpact; size x3.4
80059EB4	Swing	SW_KillVibration	Swing.c	3417	6	low	callers:1 STATEFUNC_SimulateExit; size x1.1; gap 1/1
80059F44	Swing	SW_UpdateVibration	Swing.c	3445	9	low	callers:3 STATEFUNC_ShowYardageUpdate,STATEFUNC_Si; size x1.3
8005A080	Swing	SW_vUIInit	Swing.c	3690	20	med	str:2 'clubback'; size x1.8
8005A0E0	Swing	SW_vUIBlurReset	Swing.c	3710	6	low	callers:2 STATEFUNC_ReplaySwingInit,STATEFUNC_Repl; size x2.7
8005AD20	Swing	SW_vUIAdjustClub	Swing.c	4381	6	low	flt:3; size x0.9
8005AEE0	Swing	SW_vImpact	Swing.c	4543	21	high	calls:3 Mem_cpy,Physics_ShotImpact,REPLAY_Play; callers:3 STATEFUNC_GreenWatchRollInit,STATEFUNC_R; size x3.9
8005B154	Swing	SW_vSetSwingStrength	Swing.c	4883	3	low	size x2.3; gap 1/1
8005B250	Swing	SW_vCalculateShotPower	Swing.c	4964	7	low	flt:2; callers:1 SW_vImpact; size x1.0
8005B64C	Swing	SW_vGetShotPower	Swing.c	5190	6	low	callers:2 CameraScript_UpdateLandingEstimate,GolfC; size x1.7
8005BE10	Swing	SW_vCheckForSwingBoost	Swing.c	5873	4	low	calls:1 EVENT_Trigger; size x1.4
8005BFC0	Swing	SW_vClearBoosts	Swing.c	6110	6	low	callers:2 STATEFUNC_PlaceBallInit,STATEFUNC_PreSho; size x1.3
8005D188	Swing	GM_CanStartReplay	GameMode.c	1363	6	low	callers:2 GM_DoPostShotInHoleUI,STATEFUNC_Simulate; size x0.9
8005D44C	Swing	STATEFUNC_PreShotInit	stateFunc.c	541	24	med	calls:9 BreakLine_Reset,CameraController_SetCameraMode,CharacterStat; size x2.8
8005D7A0	Swing	CamAnimDebug_UpdateCamAnimRun	GoCamAnimDebug.c	3714	20	med	calls:5 Character_GetBallOnFingerPosition,GameEffects_BallUpdatesThi; size x1.4
8005DE20	Swing	STATEFUNC_PreShotExit	stateFunc.c	1040	4	low	calls:1 Mem_cpy; size x2.0
8005DED0	Swing	STATEFUNC_ShotSetupInit	stateFunc.c	1097	20	med	calls:5 CameraController_SetCameraMode,CharacterState_UpdateSKAState; size x1.7
8005E284	Swing	STATEFUNC_ShotSetupExit	stateFunc.c	1338	3	low	size x2.5; gap 2/2
8005E2F4	Swing	STATEFUNC_SwingInit	stateFunc.c	1364	20	med	calls:5 CameraController_SetCameraMode,Character_AlignShotWithTarget; size x1.6
8005E6F8	Swing	STATEFUNC_SwingUpdate	stateFunc.c	1550	20	med	calls:5 EVENT_Trigger,GM_BallHit,GM_CheckForShotChanges,GOLFERSTATE_; size x3.2
8005EB60	Swing	STATEFUNC_ReplaySwingInit	stateFunc.c	2088	24	med	calls:7 CameraController_SetCameraMode,CharacterState_AddSKABlendDat; size x1.8
8005EE38	Swing	STATEFUNC_ReplaySwingUpdate	stateFunc.c	2252	20	med	calls:5 CharacterState_AddSKABlendData,EVENT_Trigger,GOLFERSTATE_Swi; size x1.3
8005F088	Swing	STATEFUNC_ReplaySwingExit	stateFunc.c	2366	8	low	calls:2 EVENT_Trigger,GameEffects_SetSuperSlowMo; size x2.4
8005F110	Swing	STATEFUNC_ZoomInit	stateFunc.c	2400	4	low	calls:1 CameraController_SetCameraMode; size x2.9
8005F1B0	Swing	STATEFUNC_ZoomUpdate	stateFunc.c	2467	8	low	calls:2 EVENT_Trigger,GOLFERSTATE_Pop; size x3.5
8005F3F4	Swing	STATEFUNC_ZoomExit	stateFunc.c	2632	12	med	calls:3 CameraController_SetCameraMode,EVENT_Trigger,GOLFERSTATE_Get; size x2.1
8005F4B4	Swing	STATEFUNC_ElevatorInit	stateFunc.c	2686	4	low	calls:1 CameraController_SetCameraMode; size x1.0
8005F56C	Swing	STATEFUNC_ElevatorUpdate	stateFunc.c	2711	8	low	calls:2 EVENT_Trigger,GOLFERSTATE_Pop; size x1.7
8005F730	Swing	STATEFUNC_ElevatorExit	stateFunc.c	2776	8	low	calls:2 CameraController_SetCameraMode,GOLFERSTATE_GetPreviousState; size x1.0
8005F7D8	Swing	STATEFUNC_GreenInit	stateFunc.c	2803	6	low	calls:1 CameraController_SetCameraMode; size x0.8; gap 1/2
8005F840	Swing	STATEFUNC_GreenUpdate	stateFunc.c	2818	3	low	size x1.3; gap 2/2
8005F8D0	Swing	STATEFUNC_GreenExit	stateFunc.c	2836	8	low	calls:2 CameraController_SetCameraMode,GOLFERSTATE_GetPreviousState; size x1.0
8005F978	Swing	STATEFUNC_GreenWatchRollInit	stateFunc.c	2862	12	med	calls:3 CameraController_SetCameraMode,Mem_cpy,SW_vImpact; size x2.0
8005FA84	Swing	STATEFUNC_GreenWatchRollUpdate	stateFunc.c	2922	12	med	calls:3 GOLFERSTATE_Pop,GameEffects_BallUpdatesThisFrame,Physics_Sim; size x1.0
8005FCC8	Swing	STATEFUNC_GreenWatchRollExit	stateFunc.c	3078	12	med	calls:3 CameraController_SetCameraMode,GOLFERSTATE_GetPreviousState,; size x1.9
8005FE04	Swing	GameModeBloodGreenSome::ZoomUpdate	GameMode_BloodGreenSome.cpp	776	4	low	calls:1 GOLFERSTATE_Pop; size x3.0
8005FF30	Swing	GameModeBloodGreenSome::ZoomExit	GameMode_BloodGreenSome.cpp	823	4	low	calls:1 CameraController_SetCameraMode; size x1.3
8006014C	Swing	STATEFUNC_GreenReversePuttExit	stateFunc.c	3169	8	low	calls:2 CameraController_SetCameraMode,GOLFERSTATE_GetPreviousState; size x1.1
800601E8	Swing	STATEFUNC_GreenMorphInit	stateFunc.c	3197	6	low	calls:1 CameraController_SetCameraMode; size x0.8; gap 1/1
80060250	Swing	STATEFUNC_GreenMorphUpdate	stateFunc.c	3211	12	med	calls:3 BreakLine_Reset,Character_AlignShotWithTarget,GM_CheckForSho; size x1.6
80060474	Swing	STATEFUNC_GreenMorphExit	stateFunc.c	3272	8	low	calls:2 CameraController_SetCameraMode,GOLFERSTATE_GetPreviousState; size x1.1
8006055C	Swing	STATEFUNC_SimulateInit	stateFunc.c	3309	8	low	calls:2 CameraController_SetCameraMode,Mem_cpy; size x2.9
80060688	Swing	STATEFUNC_SimulateUpdate	stateFunc.c	3442	24	med	calls:6 GM_PlayerTakeMulligan,GM_PlayerTookShot,GM_SimulateBallMovem; size x3.8
80060B18	Swing	STATEFUNC_FadeToInTheHoleUpdate	stateFunc.c	4083	8	low	calls:2 Emotion_UpdatePlayerEmotion,Mem_cpy; size x3.3
80060BC4	Swing	STATEFUNC_InTheHoleUpdate	stateFunc.c	4147	7	low	calls:2 GM_DoPostShotInHoleUI,GolfCamera_CutToGolferDoneAnimatingCam; size x0.8
80060E18	Swing	STATEFUNC_ConcededInit	stateFunc.c	4211	4	low	calls:1 CameraController_SetCameraMode; size x1.1
80060EDC	Swing	STATEFUNC_ConcededUpdate	stateFunc.c	4236	4	low	calls:1 GM_DoPostShotInHoleUI; size x1.1
80060F00	Swing	STATEFUNC_FadeToShowYardageUpdate	stateFunc.c	4302	6	low	calls:2 Emotion_UpdatePlayerEmotion,Mem_cpy; size x6.0
80061408	Swing	STATEFUNC_ShowYardageExit	stateFunc.c	4830	6	low	calls:1 GM_BumpBallForObstructions; size x5.5; gap 1/2
80061458	Swing	STATEFUNC_FadeToTapInInit	stateFunc.c	4869	3	low	size x1.6; gap 2/2
80061548	Swing	STATEFUNC_FadeToTapInUpdate	stateFunc.c	4908	8	low	calls:2 GM_EndOfGolferTurn,GOLFERSTATE_Switch; size x2.1
800616AC	Swing	STATEFUNC_FadeToTapInExit	stateFunc.c	4981	3	low	size x1.0; gap 1/1
800616B0	Swing	STATEFUNC_TapInInit	stateFunc.c	4989	8	low	calls:2 Character_AlignShotWithTarget,GM_MovePlayerToBall; size x1.3
800617A8	Swing	STATEFUNC_TapInUpdate	stateFunc.c	5026	12	med	calls:3 CameraController_SetCameraMode,GOLFERSTATE_Switch,SW_vImpact; size x1.2
80061A54	Swing	STATEFUNC_RemoveBallInit	stateFunc.c	5214	16	med	calls:4 Character_SetPosition,Emotion_UpdatePlayerEmotion,Mem_cpy,Ph; size x2.1
80061B44	Swing	STATEFUNC_RemoveBallUpdate	stateFunc.c	5260	4	low	calls:2 CameraController_SetCameraMode,GM_DoPostShotInHoleUI; size x0.3
80061EFC	Swing	STATEFUNC_RemoveBallExit	stateFunc.c	5299	4	low	calls:1 Mem_cpy; size x1.3
80061FB0	Swing	STATEFUNC_WaitInit	stateFunc.c	5321	4	low	calls:1 CameraController_SetCameraMode; size x1.2
8006205C	Swing	STATEFUNC_InitialFlyByInit	stateFunc.c	5352	26	high	flt:1; calls:6 CameraController_SetCameraMode,Character_AlignShotWithTarget; size x2.0
80062364	Swing	STATEFUNC_InitialFlyByExit	stateFunc.c	5539	3	low	size x1.2; gap 1/1
80062424	Swing	STATEFUNC_MidHoleFlyByInit	stateFunc.c	5570	8	low	calls:2 EVENT_Trigger,GolfCamera_SetCameraMatrixMode; size x2.7
80062514	Swing	STATEFUNC_MidHoleFlyByUpdate	stateFunc.c	5632	4	low	calls:1 GOLFERSTATE_Pop; size x1.1
80062624	Swing	STATEFUNC_CameraDebugUpdate	stateFunc.c	5801	4	low	calls:1 CameraController_SetCameraMode; size x2.9
800626EC	Swing	STATEFUNC_PlaceBallInit	stateFunc.c	5899	26	high	flt:1; calls:6 CameraController_SetCameraMode,Character_AlignShotWithTarget; size x2.4
80062900	Swing	STATEFUNC_PlaceBallUpdate	stateFunc.c	6039	16	med	calls:4 EVENT_Trigger,GOLFERSTATE_Switch,Physics_DropBall,PlaceBall_; size x2.1
80062F38	GoCamCont	CameraController_Idle	GoCamCont.c	206	24	med	calls:9 GolfCamera_ProcessBallFlightCamera,GolfCamera_ProcessGreenZo; size x3.3
800632E4	GoCamCont	CameraController_SetCameraMode	GoCamCont.c	670	36	high	calls:14 GolfCamera_InitBallFlightCamera,GolfCamera_InitElevatorCamer; callers:26 GM_EndOfGolferTurn_GameFinished,GO_vInit; size x2.6
80063920	GoCamCont	CameraController_CameraCollision	GoCamCont.c	1219	8	low	calls:2 CamScript_PutBackOnFairway,GOLFERSTATE_GetCurrentState; size x1.4
80063B98	GoCamCont	CameraController_FadeIn	GoCamCont.c	1298	10	med	callers:8 GolfCamera_InitHeartBeatCamera,GolfCamer; size x0.5
80063BF4	GoCamCont	CameraController_FadeOut	GoCamCont.c	1314	10	med	callers:4 GolfCamera_ProcessHeartBeatCamera,STATEF; size x0.5
80063C90	GoCamCont	CameraController_IsFadeOutDone	GoCamCont.c	1347	6	low	callers:2 GM_DoPostShotInHoleUI,STATEFUNC_GreenWat; size x2.1
80063CBC	GoCamCont	CameraController_IsFadeOn	GoCamCont.c	1362	2	low	size x0.7; gap 1/1
8006421C	GoCamCont	CameraController_ShakeCamera	GoCamCont.c	1648	5	low	flt:1; callers:1 CameraController_Idle; size x2.1
800642D0	GoCamCont	CameraController_FreezeCurrentCamera	GoCamCont.c	1689	6	low	flt:1; calls:1 CameraScript_InterpToNewScript; size x1.7
80064A0C	GoStaticCam	GameModeSkillZoneTarget::CheckShotAwards	GameMode_SkillZoneTarget.cpp	293	8	low	calls:2 sprintf,strcpy; size x2.1
80064E2C	GoStaticCam	StaticCam_Init	GoStaticCam.c	344	5	low	file:gostaticcam.c; callers:1 GO_vInitIG; size x3.4
80064E74	GoStaticCam	StaticCam_DeInit	GoStaticCam.c	363	3	low	size x1.8; gap 1/2
80064EA4	GoStaticCam	StaticCam_Reset	GoStaticCam.c	380	2	low	size x0.6; gap 2/2
80064F54	GoStaticCam	StaticCam_ProcessScript	GoStaticCam.c	400	8	low	callers:3 CamScript_RunFEScript,CamScript_RunFlyby; size x4.4
80064F7C	GoStaticCam	StaticCam_ChooseScript	GoStaticCam.c	429	16	med	calls:1 Misc_RandFunc; callers:4 GolfCamera_CutToGolferDoneAnimatingCam,G; size x2.8
8006509C	GoStaticCam	StaticCam_GetFlyByCam	GoStaticCam.c	738	6	low	callers:2 GolfCamera_InitPostShotCamera,GolfCamera; size x1.4
80067074	event	EVENT_Trigger	event.c	1211	10	low	callers:31 CharacterState_AddSKABlendData,Character; size x6.7
80067B80	target	TARGET_Init	Target.c	139	31	high	str:2 'shadow'; flt:6; callers:1 GO_vInitIG; size x1.0
80067DAC	target	TARGET_RenderBallTarget	Target.c	261	3	low	size x1.6; gap 1/1
800689D4	target	TARGET_SetupTarget	Target.c	794	10	med	flt:2; callers:2 GM_CheckForShotChanges,STATEFUNC_ShotSet; size x1.6
80068AA8	target	TARGET_ResetMomentums	Target.c	831	9	low	callers:3 STATEFUNC_PreShotInit,STATEFUNC_ShotSetu; size x2.9
80068AC8	target	TARGET_UpdateMomentums	Target.c	911	10	med	calls:1 Character_AlignShotWithTarget; callers:2 GM_CheckForShotChanges,STATEFUNC_ZoomUpd; size x1.9
80069218	target	PlaceBall_IsValidDropLocation	Target.c	1260	23	high	calls:5 Ter_CheckObjectAndHazardObstruction,Ter_GetSupportingGroundD; callers:1 PlaceBall_UpdateMomentums; size x1.5
80069330	target	PlaceBall_Set	Target.c	1305	10	med	flt:2; callers:2 PlaceBall_UpdateMomentums,STATEFUNC_Plac; size x2.0
800693A4	target	PlaceBall_ResetMomentums	Target.c	1336	7	low	calls:1 PlaceBall_IsValidDropLocation; callers:1 STATEFUNC_PlaceBallInit; size x1.8
80069428	target	PlaceBall_CheckInBounds	Target.c	1357	11	med	calls:2 Ter_PointInOOBNetwork,Ter_iNumOOBNetworksLoaded; callers:1 PlaceBall_UpdateMomentums; size x1.5
80069498	target	PlaceBall_GetPlaceBallNetwork	Target.c	1382	6	low	callers:1 CamScript_CheckOutOfBounds; size x3.0; gap 1/1
800694A0	target	PlaceBall_UpdateMomentums	Target.c	1387	11	med	calls:2 PlaceBall_IsValidDropLocation,Ter_GetSupportingWorldMaterial; callers:1 STATEFUNC_PlaceBallUpdate; size x1.5
80069CDC	target	PlaceBall_RenderBallTarget	Target.c	1722	4	low	calls:1 Ter_PointInOOBNetwork; size x1.5
8006A6C4	target	PlaceBall_SetupTarget	Target.c	2191	15	med	flt:6; calls:1 atan2f; callers:1 STATEFUNC_PlaceBallInit; size x1.6
8006AA9C	emotion	Emotion_GetPredictedEmotionAnimationType	Emotion.c	107	9	low	callers:3 GM_ChooseRemoveBallState,GM_ShowPostShot; size x2.0
8006AAB4	emotion	Emotion_SetAnimationType	Emotion.c	121	6	low	callers:1 GM_ChooseRemoveBallState; size x1.2; gap 1/2
8006ACE0	emotion	Emotion_SetPredictedAnimationType	Emotion.c	176	3	low	size x2.0; gap 2/2
8006ACF8	emotion	Emotion_PostBallEvent	Emotion.c	187	6	low	callers:2 STATEFUNC_SimulateInit,STATEFUNC_SwingIn; size x1.3
8006AD68	emotion	Emotion_UpdatePlayerEmotion	Emotion.c	238	20	high	calls:2 EVENT_Trigger,GOLFERSTATE_GetCurrentState; callers:5 GM_CheckForShotChanges,STATEFUNC_PlaceBa; size x2.1
8006B2C4	emotion	Emotion_PostShotUpdate	Emotion.c	483	6	low	callers:2 GM_SimulateBallMovement,STATEFUNC_Simula; size x0.9
8006B57C	emotion	Emotion_BallHitUpdate	Emotion.c	1225	6	low	flt:3; size x1.5
8006BED4	Replay	REPLAY_InitModule	Replay.c	96	4	low	file:replay.c; callers:1 GO_vInitIG; size x4.5
8006BF20	Replay	REPLAY_CloseModule	Replay.c	118	3	low	size x1.8; gap 1/2
8006BF4C	Replay	REPLAY_Init	Replay.c	127	3	low	size x1.4; gap 2/2
8006BF60	Replay	REPLAY_Save	Replay.c	137	9	low	calls:1 Mem_cpy; callers:2 GameModeReplay_SetupNextGolfer,SW_vImpac; size x0.7
8006C300	Replay	REPLAY_Play	Replay.c	338	13	med	calls:1 Mem_cpy; callers:3 GM_DoPostShotInHoleUI,STATEFUNC_Simulate; size x1.9
8006C4A0	Replay	REPLAY_Stop	Replay.c	422	6	low	callers:2 GM_PlayerTakeMulligan,STATEFUNC_Simulate; size x1.2
8006C4C0	Replay	REPLAY_Restore	Replay.c	434	7	low	calls:1 Mem_cpy; callers:1 GM_PlayerTakeMulligan; size x1.7
8006C720	gomainloop	GO_vOpenONCE	GoMainLoop.c	396	4	low	calls:1 GOLFERSTATE_OpenONCE; size x3.2
8006C770	gomainloop	GO_vCloseONCE	GoMainLoop.c	521	2	low	size x4.5; gap 1/1
8006C7A8	gomainloop	GO_vInitModules	GoMainLoop.c	571	6	low	callers:2 GO_vInitFE,GO_vInitIG; size x3.4
8006C9EC	gomainloop	GO_vInitFE	GoMainLoop.c	1266	16	med	calls:4 CA_spCreateCamera,CameraController_SetCameraMode,CameraTunin; size x2.1
8006CBDC	gomainloop	GO_vInitIG	GoMainLoop.c	1663	23	med	calls:6 BFX_vInit,CA_spCreateCamera,CameraTuning_Init,GR_vInit,TARGE; size x4.9
8006CDC4	gomainloop	GO_vCloseIG	GoMainLoop.c	2122	3	low	size x2.5; gap 1/1
8006CEFC	gomainloop	GO_vInitStartup	GoMainLoop.c	2337	8	low	calls:2 CA_spCreateCamera,CameraController_SetCameraMode; size x2.3
8006D1C0	gomainloop	SetDPadAnalogEmulationFlag	GoMainLoop.c	4053	4	low	calls:1 GOLFERSTATE_GetCurrentState; size x2.2
8006D8E8	gomainloop	GO_vRunMainLoop	GoMainLoop.c	4650	7	low	calls:2 EVENT_Trigger,GM_Update; size x4.1
8006E1C8	GoFrameBuf	FB_spCreateFrameBuffer	GoFrameBuf.c	125	7	low	file:goframebuf.c; callers:2 GO_vInitFE,GO_vInitIG; size x5.2
80072ACC	animblender	AptActionInterpreter::cbCallMethod_escape	AptActionInterpreter.cpp	962	4	low	calls:1 memcpy; size x2.4
8007326C	animblender	SKATime_UnPause	AnimBlender.c	681	6	low	callers:2 STATEFUNC_PreShotInit,STATEFUNC_SwingIni; size x1.0
800732B8	animblender	SKATime_SetTime	AnimBlender.c	694	6	low	flt:3; size x1.7
800754C0	LLVideo	TExternArray<UICourseItem>::vSetNbrElems	UI_Helpers.h	141	4	low	calls:1 memcpy; size x1.7
800763BC	GoCamera	CA_vUpdateInternalFieldOfViewData	GoCamera.c	107	4	low	flt:2; size x1.2
80076400	GoCamera	CA_spCreateCamera	GoCamera.c	118	9	low	file:gocamera.c; callers:3 GO_vInitFE,GO_vInitIG,UI_Obj_InitModule; size x6.1
80076ACC	GoViewport	VM_spCreateViewport	GoViewport.c	125	8	low	file:goviewport.c; callers:2 GO_vInitFE,GO_vInitIG; size x3.7
800775BC	FE_Manager	FE_CharBios_LoadBIOfromStream	FE_Manager.c	123	4	low	calls:1 Mem_cpy; size x1.6
80077808	FE_Manager	FE_TransferUserStatsToGolferStats	FE_Manager.c	264	4	low	calls:1 Mem_cpy; size x2.8
800779BC	FE_Manager	GolfCamera_SwitchToSlowHitCam	GoGolfCam.c	13036	4	low	calls:1 Mem_cpy; size x2.9
80078008	FE_Manager	FE_CrAP_IsItemLocked	FE_CrAPUtils.c	264	4	low	calls:1 GM_GetGameProgress; size x1.4
80078A2C	FE_Manager	FE_CrAP_RandomizeCategoryWithUndesirableTest	FE_CrAPUtils.c	777	8	low	calls:2 FE_CrAP_IsAssetUndesirable,Misc_RandFunc; size x1.3
80078B84	FE_Manager	FE_CrAP_IsCrazyHairColor	FE_CrAPUtils.c	823	10	med	str:1 'White'; size x1.2
80078C94	FE_Manager	FE_CrAP_IsCrazyHat	FE_CrAPUtils.c	841	24	high	str:2 'Hats'; calls:1 strstr; size x1.4
80078D24	FE_Manager	FE_CrAP_IsCrazyFaceHairColor	FE_CrAPUtils.c	853	10	med	str:1 'White'; size x1.2
80079664	FE_Manager	FE_CrAP_RandomizeAll	FE_CrAPUtils.c	1281	8	low	calls:2 FE_CrAP_TurnOnPart,Misc_RandFunc; size x1.2
8007975C	FE_Manager	CSpectatorBehavior::DuckFromBall	spectatorBehavior.cpp	168	4	low	calls:1 Misc_RandFunc; size x1.6
800797E0	FE_Manager	CSpectatorBehavior::Walk	spectatorBehavior.cpp	236	4	low	calls:1 Misc_RandFunc; size x1.1
80079974	FE_Manager	FE_CrAP_SetDefaultsByAge	FE_CrAPUtils.c	1481	4	low	calls:1 FE_CrAP_TurnOnPart; size x1.9
8007BE28	FE_MessageTable	CreateJobTypeFromBin	managerplat.cpp	367	7	low	calls:2 strcmp,strlen; size x4.0
8007D160	FE_MessageTable	SetDrive	Path.cpp	225	4	low	calls:1 strcpy; size x2.6
8007D1A4	FE_MessageTable	SetDir	Path.cpp	231	8	low	calls:2 strcpy,strlen; size x1.2
8007FF8C	FE_MessageTable	Alloc	system.cpp	1651	4	low	calls:1 sprintf; size x2.0
800838C4	FE_MessageTable	GenericActor_GetActor	GenericActor.cpp	1065	4	low	calls:1 strcmp; size x2.2
80083A4C	FE_MessageTable	DumpCurrentJobs	managerplat.cpp	2886	4	low	calls:1 strcpy; size x3.3
80084D6C	FE_MessageTable	SetName	Path.cpp	250	8	low	calls:2 strcpy,strlen; size x1.3
80084DF4	FE_MessageTable	SetExt	Path.cpp	255	8	low	calls:2 strcpy,strlen; size x1.3
8008A468	GameUICommands	core::VerifyCommandsExecutingHelper	system.cpp	1735	4	low	calls:1 strcpy; size x2.5
8008E468	FEgolferanim	LuaWatch	tiger_module_lua_watch.h	26	5	low	calls:2 strcpy,strncpy; size x0.4
8008E724	FEgolferanim	QueueTransferData	tiger_module_com.cpp	325	4	low	calls:1 strncpy; size x3.0
8008E960	FEgolferanim	QueueTransferMessage	tiger_module_com.cpp	390	4	low	calls:1 strncpy; size x2.6
8008EEB8	uiLoadFile	StreamManagerHole::StreamFiles	StreamManagerHole.cpp	85	10	low	str:1 'frontend'; size x3.8
800907AC	uiProcessInterface	LuaParseValue	tiger_module_lua.cpp	949	8	low	calls:2 sprintf,strlen; size x2.2
80091EE8	fe_movies	GM_PgaTourSim_AdjustUserScoreForSimmedRound	PGATourSimulation.c	5880	4	low	calls:1 Misc_RandFunc; size x2.0
80093A80	goballfx	BFX_vInit	GoBallFX.c	47	13	med	str:1 'marker'; callers:1 GO_vInitIG; size x2.0
80093AE0	goballfx	BFX_vRender	GoBallFX.c	57	6	low	flt:3; size x0.9
80095B4C	CharAnim	CharacterState_AddSKABlendData	char_State.c	229	20	med	flt:2; calls:1 EVENT_Trigger; callers:4 CharacterState_SetTapInState,CharacterSt; size x1.0
80096338	CharAnim	FE_CrAP_RandomizeCrAPCategoryInOneSubcategory	FE_CrAPUtils.c	1333	4	low	calls:1 Misc_RandFunc; size x2.0
800965DC	CharAnim	CharacterState_SetTapInState	char_State.c	445	14	med	flt:2; calls:1 CharacterState_AddSKABlendData; callers:2 CharacterState_UpdateSKAState,STATEFUNC_; size x0.9
80096690	CharAnim	CharacterState_UpdateSKAState	char_State.c	481	33	high	calls:7 CharacterState_AddSKABlendData,CharacterState_SetTapInState,; callers:3 Character_UpdateAnimation,STATEFUNC_PreS; size x1.1
800977F8	GoCamTuningVars	CameraTuning_Init	GoCamTuningVars.c	381	16	med	flt:38; file:gocamtuningvars.c; callers:2 GO_vInitFE,GO_vInitIG; size x1.5
8009B630	GoGreenGrid	GR_vInit	GoGreenGrid.c	190	5	low	file:gogreengrid.c; callers:1 GO_vInitIG; size x3.6
8009BE08	GoGreenGrid	GR_vInitForHole	GoGreenGrid.c	383	4	low	calls:1 Ter_GetSupportingGroundData; size x2.7
8009C0BC	GoGreenGrid	GR_BuildGridRenderData	GoGreenGrid.c	1108	6	low	flt:1; calls:1 GOLFERSTATE_GetCurrentState; size x1.8
8009C914	GoGreenGrid	GR_UpdateGreenGrid	GoGreenGrid.c	1219	4	low	calls:1 GOLFERSTATE_GetCurrentState; size x2.4
8009E544	MC_Gc	SetProgramData	RNAFX.cpp	1135	4	low	calls:1 memcpy; size x1.1
8009E758	MC_Gc	GM_PgaTourSim_ChangeGuests	PGATourSimulation.c	1757	4	low	calls:1 strcmp; size x1.9
8009F0F0	MC_Gc	AddBreakpoint	tiger_module_lua.cpp	734	4	low	calls:1 memcpy; size x2.6
8009F3D4	MC_Gc	Load	RNAFX.cpp	1148	4	low	calls:1 memcpy; size x1.4
8009F514	MC_Gc	FindConstant	RNAFX.cpp	1413	4	low	calls:1 strcmp; size x1.6
8009F5E4	MC_Gc	FindConstantIndex	RNAFX.cpp	1425	4	low	calls:1 strcmp; size x1.2
8009FCFC	MC	MC_LoadOptionsFromFirstCardFound	MC.c	482	4	low	calls:1 Mem_cpy; size x1.4
800A0230	MC	MC_LoadOptions	MC.c	619	4	low	calls:1 Mem_cpy; size x1.6
800A0C6C	MC	MC_SaveOptions	MC.c	719	4	low	calls:1 Mem_cpy; size x2.0
800A0E6C	MC	MC_LoadUser	MC.c	1273	4	low	calls:1 Mem_cpy; size x1.5
800A1164	MC	MC_SaveUser	MC.c	1470	4	low	calls:1 Mem_cpy; size x2.4
800A13E8	MC	MC_LoadLastUser	MC.c	1728	4	low	calls:1 Mem_cpy; size x2.4
800A1590	MC	MC_GetUser	MC.c	1988	4	low	calls:1 Mem_cpy; size x1.5
800A1758	MC	MC_GetNumOptions	MC.c	2088	3	low	size x1.2; gap 1/1
800A178C	MC	MC_RefreshMCUserInfo	MC.c	2110	4	low	calls:1 Mem_cpy; size x2.2
800A1D4C	MC	MC_LoadEAGameListfromStream	MC.c	2720	3	low	size x3.0; gap 1/1
800A1F6C	MC	sfReplaceInString	SafeString.cpp	81	8	low	calls:2 strlen,strncmp; size x1.9
800A29B4	PsMgr	XMLRPC_Unescape	xmlrpc.c	330	12	med	calls:3 sscanf,strchr,strlen; size x1.9
800A4E34	GameAudio	Gaud_InitFE	GameAudio.c	2443	5	low	flt:1; callers:1 GO_vInitFE; size x1.0
800A573C	GameAudio	Gaud_UpdtSwing	GameAudio.c	3201	6	low	callers:2 STATEFUNC_ReplaySwingUpdate,STATEFUNC_Sw; size x1.6
800A5980	GameAudio	Gaud_SwingBallHit	GameAudio.c	3491	9	low	callers:3 STATEFUNC_ReplaySwingUpdate,STATEFUNC_Sw; size x2.2
800A5EC0	GameAudio	Gaud_PlayCrowdHitComment	GameAudio.c	4698	4	low	calls:1 Misc_RandFunc; size x1.6
800A9D7C	hlaudtrack	Trk_FreePerf	HLAudTrack.c	453	4	low	calls:1 Stm_Exit; size x1.7
800A9E7C	hlaudtrack	Trk_UpdatePerf	HLAudTrack.c	514	3	low	size x1.7; gap 1/4
800AA0D8	hlaudtrack	Trk_Start	HLAudTrack.c	612	3	low	size x2.4; gap 2/4
800AA118	hlaudtrack	Trk_Stop	HLAudTrack.c	630	3	low	size x1.7; gap 3/4
800AA1B8	hlaudtrack	Trk_StopAllVoices	HLAudTrack.c	662	6	low	callers:1 Stm_SetStream; size x1.6; gap 4/4
800AA2A4	hlaudtrack	Trk_Tick	HLAudTrack.c	715	4	low	calls:1 Stm_Tick; size x2.8
800AB3A4	hlaudtrackstm	CheckQueue	HLAudTrackStm.c	66	11	med	calls:2 Stm_SetPlayList,Stm_SetStream; callers:1 Stm_Tick; size x2.7
800AB428	hlaudtrackstm	StartStreamVoices	HLAudTrackStm.c	108	6	low	callers:2 Stm_Start,Stm_Tick; size x1.0
800AE1F8	uiobject	UI_Obj_InitModule	uiObject.c	116	35	high	str:2 'ring'; flt:5; calls:1 CA_spCreateCamera; callers:1 GO_vInitIG; size x2.2
800AE3F8	uiobject	UI_Obj_RenderBoostUI	uiObject.c	364	10	med	flt:3; calls:1 GameEffects_GetLetterboxHeight; size x1.3
800B34F0	GoComicCam	ComicCam_InitComicCam	GoComicCam.c	87	5	low	file:gocomiccam.c; callers:1 GO_vInitIG; size x3.9
800B352C	GoComicCam	ComicCam_CloseComicCam	GoComicCam.c	97	3	low	size x1.8; gap 1/1
800B3550	GoComicCam	ComicCam_StartComicCam	GoComicCam.c	102	16	med	calls:4 CameraScript_InterpToNewScript,CameraScript_WillGolferBeOccl; size x1.0
800B3F9C	GoComicCam	ComicCam_Init3ScreenMode	GoComicCam.c	510	11	med	flt:9; callers:1 ComicCam_StartComicCam; size x1.1
800B4108	GoComicCam	ComicCam_Init9ScreenRapidMode	GoComicCam.c	557	15	med	flt:4; calls:1 Misc_RandFunc; callers:1 ComicCam_StartComicCam; size x1.0
800B4818	GoComicCam	ComicCam_IsComicCamOver	GoComicCam.c	677	3	low	size x1.6; gap 1/2
800B4908	GoComicCam	ComicCam_IsScreenFrozen	GoComicCam.c	723	3	low	size x2.3; gap 2/2
800B4E28	GoShaderObject_Rain_Gc	Create	RNATexturePlat.cpp	139	4	low	calls:1 memset; size x1.6
800BB0E8	SitDevFile	GM_InitForHole_SitDev	GameMode.c	458	4	low	calls:1 EVENT_Trigger; size x1.6
800BB7AC	SitDevFile	GM_PgaTourSim_OutputAllEntrants	PGATourSimulation.c	526	4	low	calls:1 strcmp; size x1.8
800BCF84	SitDevFile	Physics_CalcClubImpact	Physics.c	5926	4	low	calls:1 Misc_RandFunc; size x1.5
800BDA30	GoGolfCam	GolfCamera_InitShotSetupCamera	GoGolfCam.c	692	15	med	calls:3 CameraScript_InterpToNewScript,DynamicCam_ChoosePreFlightSeq; callers:1 CameraController_SetCameraMode; size x1.3
800BDBA4	GoGolfCam	GolfCamera_ProcessShotSetupCamera	GoGolfCam.c	779	6	low	callers:1 CameraController_Idle; size x1.1; gap 1/1
800BDC20	GoGolfCam	GolfCamera_InitZoomToAimCamera	GoGolfCam.c	795	17	med	flt:1; calls:3 EVENT_Trigger,GOLFERSTATE_GetCurrentState,Ter_GetEnclosingGr; callers:1 CameraController_SetCameraMode; size x1.6
800BDE54	GoGolfCam	GolfCamera_ProcessZoomToAimCamera	GoGolfCam.c	906	19	med	calls:4 CamScript_KeepAboveGround,CameraScript_LagAimMarker,EVENT_Tr; callers:1 CameraController_Idle; size x1.5
800BE504	GoGolfCam	GolfCamera_InitGreenZoomToAimCamera	GoGolfCam.c	1556	19	med	flt:2; calls:3 EVENT_Trigger,GOLFERSTATE_GetCurrentState,Ter_GetEnclosingGr; callers:1 CameraController_SetCameraMode; size x1.4
800BE828	GoGolfCam	GolfCamera_ProcessGreenZoomToAimCamera	GoGolfCam.c	1703	15	med	calls:3 CamScript_KeepAboveGround,CameraScript_LagAimMarker,EVENT_Tr; callers:1 CameraController_Idle; size x1.5
800BEEB0	GoGolfCam	GolfCamera_InitSteepSlopeCamera	GoGolfCam.c	1952	21	high	str:1 'STEEPSLOPE CAM'; calls:2 CameraScript_RecordCurrentCam,GolfCamera_ComputeSteepSlopeCa; callers:1 CameraController_SetCameraMode; size x1.1
800BEF28	GoGolfCam	GolfCamera_ProcessSteepSlopeCamera	GoGolfCam.c	1980	7	low	calls:1 GolfCamera_ComputeSteepSlopeCamVectors; callers:1 CameraController_Idle; size x1.0
800BEFAC	GoGolfCam	GolfCamera_InitElevatorCamera	GoGolfCam.c	2001	23	high	str:1 'ELEVATOR CAM'; flt:1; calls:2 CameraScript_InterpToNewScript,CameraScript_RecordCurrentCam; callers:1 CameraController_SetCameraMode; size x1.2
800BF184	GoGolfCam	GolfCamera_ProcessPlaceBallCamera	GoGolfCam.c	2466	11	med	calls:2 CamScript_KeepAboveGround,Ter_CheckForGroundCollision; callers:1 CameraController_Idle; size x2.4
800BF5E4	GoGolfCam	CameraDebug_InitOrbitGolferCamera	GoDebugCam.c	985	6	low	callers:1 CameraController_SetCameraMode; size x2.5; gap 1/1
800BF658	GoGolfCam	CameraDebug_ProcessOrbitGolferCamera	GoDebugCam.c	1024	6	low	flt:2; callers:1 CameraController_Idle; size x0.8
800BFC80	GoGolfCam	GolfCamera_InitGreenRollCamera	GoGolfCam.c	3514	4	low	flt:1; callers:1 CameraController_SetCameraMode; size x4.0
800BFE00	GoGolfCam	GolfCamera_ProcessGreenRollCamera	GoGolfCam.c	3721	7	low	calls:1 CamScript_KeepAboveGround; callers:1 CameraController_Idle; size x2.9
800C0624	GoGolfCam	CamAnimDebug_CameraEditViewEnter	GoCamAnimDebug.c	1101	6	low	flt:1; calls:1 CameraScript_InterpToNewScript; size x2.1
800C06C8	GoGolfCam	CameraDebug_InitStaticDebugCamera	GoDebugCam.c	1157	4	low	calls:1 CamScript_RunScript; size x1.4
800C0914	GoGolfCam	GolfCamera_ProcessFlyByCamera	GoGolfCam.c	5714	7	low	calls:1 CamScript_RunFlybyCamera; callers:1 CameraController_Idle; size x1.5
800C0A30	GoGolfCam	GolfCamera_InitPreShotCamera	GoGolfCam.c	5978	23	high	calls:5 CameraScript_InterpToNewScript,DynamicCam_ChoosePreFlightSeq; callers:1 CameraController_SetCameraMode; size x1.7
800C0C0C	GoGolfCam	GolfCamera_ProcessPreShotCamera	GoGolfCam.c	6107	15	med	calls:3 CamScript_RunScript,CameraScript_InterpToNewScript,DynamicCa; callers:1 CameraController_Idle; size x1.1
800C0D70	GoGolfCam	GolfCamera_InitSwingCamera	GoGolfCam.c	6282	19	med	calls:4 CameraScript_InterpToNewScript,CameraScript_WillGolferBeOccl; callers:1 CameraController_SetCameraMode; size x1.2
800C1338	GoGolfCam	GolfCamera_ProcessSwingCamera	GoGolfCam.c	6993	7	low	calls:1 CamScript_RunScript; callers:1 CameraController_Idle; size x2.7
800C1530	GoGolfCam	GolfCamera_ProcessReplaySwingCamera	GoGolfCam.c	7331	7	low	calls:1 CamScript_RunScript; callers:1 CameraController_Idle; size x3.0
800C1670	GoGolfCam	GolfCamera_Init3ScreenCamera	GoGolfCam.c	7529	4	low	calls:1 ComicCam_StartComicCam; size x1.2
800C16C4	GoGolfCam	CamAnimDebug_CrACCamCallback	GoCamAnimDebug.c	2132	4	low	calls:1 CameraController_SetCameraMode; size x2.4
800C1824	GoGolfCam	GolfCamera_InitHeartBeatCamera	GoGolfCam.c	7605	21	high	flt:1; calls:4 CameraScript_InterpToNewScript,CameraScript_WillGolferBeOccl; callers:1 CameraController_SetCameraMode; size x1.1
800C1A08	GoGolfCam	GolfCamera_ProcessHeartBeatCamera	GoGolfCam.c	7668	19	med	calls:4 CamScript_RunScript,CameraScript_InterpToNewScript,CameraScr; callers:1 CameraController_Idle; size x1.1
800C1C50	GoGolfCam	GolfCamera_InitShutterCamera	GoGolfCam.c	7771	13	med	flt:1; calls:2 CameraScript_InterpToNewScript,DynamicCam_ChooseScript; callers:1 CameraController_SetCameraMode; size x1.0
800C1D3C	GoGolfCam	GolfCamera_ProcessShutterCamera	GoGolfCam.c	7805	16	med	flt:1; calls:3 CamScript_RunScript,CameraScript_InterpToNewScript,DynamicCa; callers:1 CameraController_Idle; size x0.8
800C2514	GoGolfCam	GolfCamera_ProcessBallFlightCamera	GoGolfCam.c	8166	23	high	calls:5 CamScript_RunScript,CameraScript_InterpToNewScript,CameraScr; callers:1 CameraController_Idle; size x1.5
800C2C80	GoGolfCam	GolfCamera_InitPostShotCamera	GoGolfCam.c	8750	26	high	calls:5 CameraScript_InterpToNewScript,DynamicCam_ChooseScriptInSequ; callers:2 CameraController_SetCameraMode,GolfCamer; size x1.1
800C2ED8	GoGolfCam	GolfCamera_ProcessPostShotCamera	GoGolfCam.c	8880	33	high	flt:3; calls:6 CamScript_RunFlybyCamera,CamScript_RunScript,CameraScript_Re; callers:1 CameraController_Idle; size x1.5
800C324C	GoGolfCam	GolfCamera_InitInHoleCamera	GoGolfCam.c	9024	14	med	calls:2 GOLFERSTATE_GetCurrentState,GolfCamera_ChooseReactionCam; callers:2 CameraController_SetCameraMode,GolfCamer; size x1.2
800C336C	GoGolfCam	GolfCamera_ProcessInHoleCamera	GoGolfCam.c	9096	5	low	calls:1 GolfCamera_InitInHoleCamera; callers:1 CameraController_Idle; size x0.6
800C3478	GoGolfCam	GolfCamera_InitScoreCardCamera	GoGolfCam.c	9129	6	low	callers:1 CameraController_SetCameraMode; size x1.0; gap 1/2
800C34F8	GoGolfCam	GolfCamera_ProcessScoreCardCamera	GoGolfCam.c	9143	6	low	callers:1 CameraController_Idle; size x2.0; gap 2/2
800C353C	GoGolfCam	GolfCamera_InitTutorialWaitCamera	GoGolfCam.c	9159	16	med	str:1 'TUTORIAL WAIT'; flt:2; callers:1 CameraController_SetCameraMode; size x0.8
800C37FC	GoGolfCam	GolfCamera_ProcessTutorialWaitCamera	GoGolfCam.c	9239	7	low	calls:1 CamScript_RunScript; callers:1 CameraController_Idle; size x1.2
800C38BC	GoGolfCam	GolfCamera_InitFECamera	GoGolfCam.c	9812	15	med	flt:2; calls:2 CameraScript_InterpToNewScript,DynamicCam_ChooseScript; callers:1 CameraController_SetCameraMode; size x1.2
800C39A8	GoGolfCam	GolfCamera_ProcessFECamera	GoGolfCam.c	9848	14	med	calls:3 CamScript_RunFEScript,CameraScript_InterpToNewScript,Dynamic; callers:1 CameraController_Idle; size x0.8
800C3C40	GoGolfCam	GolfCamera_SwitchCrAPCamera	GoGolfCam.c	9909	18	med	flt:1; calls:4 CamScript_RunFEScript,CameraScript_InterpToNewScript,CameraS; size x1.9
800C44A8	GoGolfCam	GolfCamera_Choose3ScreenCam	GoGolfCam.c	10723	7	low	callers:4 GolfCamera_InitBallFlightCamera,STATEFUN; size x0.2
800C44CC	GoGolfCam	GolfCamera_ChooseHeartBeatCam	GoGolfCam.c	10738	6	low	callers:2 STATEFUNC_ReplaySwingInit,STATEFUNC_Swin; size x1.0
800C44E0	GoGolfCam	GolfCamera_ChooseShutterCam	GoGolfCam.c	10752	6	low	callers:2 STATEFUNC_ReplaySwingInit,STATEFUNC_Swin; size x1.0
800C4604	GoGolfCam	GolfCamera_SteepSlopeCamCheckCollision	GoGolfCam.c	10831	4	low	calls:1 Ter_CheckForGroundCollision; size x1.7
800C4650	GoGolfCam	GolfCamera_NeedSteepSlopeCam	GoGolfCam.c	10853	6	low	callers:1 STATEFUNC_ElevatorInit; size x1.1; gap 1/1
800C4724	GoGolfCam	GolfCamera_ComputeSteepSlopeCamVectors	GoGolfCam.c	10910	12	med	flt:1; calls:1 Ter_CheckForGroundCollision; callers:2 GolfCamera_InitSteepSlopeCamera,GolfCame; size x1.8
800C4AB0	GoGolfCam	GolfCamera_ClampLookAngle	GoGolfCam.c	11086	5	low	flt:1; callers:1 GolfCamera_ComputeSteepSlopeCamVectors; size x1.6
800C4DF8	GoGolfCam	GolfCamera_GetAlternateSwingCamera	GoGolfCam.c	11205	6	low	calls:1 DynamicCam_ChooseScript; callers:1 GolfCamera_InitSwingCamera; size x0.8
800C4E80	GoGolfCam	GolfCamera_vSwitchToNextAlternateSwingCamera	GoGolfCam.c	11267	7	low	calls:1 CameraScript_InterpToNewScript; callers:1 GM_CheckForShotChanges; size x1.4
800C54FC	GoGolfCam	CamAnimDebug_ResetGolferState	GoCamAnimDebug.c	3885	8	low	calls:2 EVENT_Trigger,Mem_cpy; size x1.5
800C5D64	GoGolfCam	ComicCam_CheckForCameraSwitch	GoComicCam.c	730	12	med	calls:3 CameraScript_InterpToNewScript,CameraScript_WillGolferBeOccl; size x1.8
800C6110	GoGolfCam	GolfCamera_ChooseReactionCam	GoGolfCam.c	12208	16	med	flt:1; calls:2 CameraScript_InterpToNewScript,DynamicCam_ChooseScriptInSequ; callers:2 GolfCamera_InitInHoleCamera,GolfCamera_I; size x1.7
800C6358	GoGolfCam	GolfCamera_CutToGolferDoneAnimatingCam	GoGolfCam.c	12318	28	high	flt:1; calls:5 CameraScript_InterpToNewScript,CameraScript_RecordCurrentCam; callers:2 GolfCamera_ProcessPostShotCamera,STATEFU; size x1.2
800C6618	GoGolfCam	GolfCamera_ChooseSpecialSwing	GoGolfCam.c	12489	6	low	calls:1 CameraScript_IsDefaultSwingCam; callers:1 STATEFUNC_SwingUpdate; size x0.8
800C6B7C	GoGolfCam	GolfCamera_ReplaySwingSpeed	GoGolfCam.c	12828	6	low	callers:2 STATEFUNC_ReplaySwingInit,STATEFUNC_Repl; size x2.8
800C6D64	GoGolfCam	GolfCamera_IsSuperZoomCamActive	GoGolfCam.c	13135	6	low	callers:2 GolfCamera_ProcessBallFlightCamera,STATE; size x1.4
800C6D80	GoGolfCam	GolfCamera_IsSlowMoSwingCamActive	GoGolfCam.c	13141	3	low	size x1.4; gap 1/1
800C6D9C	GoGolfCam	GolfCamera_IsFreezeTimeActive	GoGolfCam.c	13147	6	low	callers:2 CamScript_CheckOutOfBounds,STATEFUNC_Sim; size x1.1
800C6F14	GoGolfCam	GolfCamera_IsThereAPostPreShotCamera	GoGolfCam.c	13217	4	low	calls:1 DynamicCam_ChooseScriptInSequence; size x1.1
800C7140	GoGolfCam	GolfCamera_SetCameraMatrixMode	GoGolfCam.c	13425	12	med	callers:4 CameraScript_GoToNewScript,CameraScript_; size x2.3
800C714C	GoGolfCam	GolfCamera_IsScriptMatrixModeOn	GoGolfCam.c	13430	6	low	callers:2 CamScript_RunScript,GameEffects_BallUpda; size x2.3
800C7158	GoGolfCam	GolfCamera_SetPostShowPostShotAnimations	GoGolfCam.c	13435	3	low	size x1.0; gap 1/1
800C7160	GoGolfCam	GolfCamera_ShowPostShotAnimations	GoGolfCam.c	13440	6	low	callers:2 GolfCamera_InitInHoleCamera,GolfCamera_I; size x1.0
800C808C	GoBreakLine	BreakLine::InitModule	GoBreakLine.c	326	5	low	file:gobreakline.c; callers:1 GO_vInitIG; size x2.2
800C844C	GoBreakLine	BreakLine::Render	GoBreakLine.c	705	4	low	calls:1 EVENT_Trigger; size x2.0
800C8C70	GoBreakLine	BreakLine::Reset	GoBreakLine.c	875	21	high	flt:2; calls:2 Mem_cpy,Physics_ShotImpact; callers:3 GM_CheckForShotChanges,STATEFUNC_GreenMo; size x0.9
800CD404	SkinPart	ProShopAssetPreviewManager::SetupDefaultCamera	FE_ProShopPreviews.cpp	754	4	low	calls:1 memset; size x3.0
800CEF04	SkinPart	ProShopAssetPreviewManager::SetupBallsCamera	FE_ProShopPreviews.cpp	830	4	low	calls:1 memset; size x1.9
800CFE74	HoleScore	GameModeDriverPGATour::IsPuttForWin	GameModeDriver_PGATour.cpp	2962	4	low	calls:1 GM_PgaTourSim_GetBestOpponentRelativeScore; size x1.0
800D1DAC	SwingTips	AIBrain::ScrewItUp	AI_Brain.cpp	595	4	low	calls:1 Misc_RandFunc; size x1.3
800D2678	Calendar	CalDate_SetMDY	Calendar.c	109	6	low	callers:2 GameModeDriverRTE_GetNextEvent,TibExtCur; size x1.8
800D2714	Calendar	CalDate_GetMDY	Calendar.c	144	6	low	callers:2 GameModeDriverPGATour_GetEventByDate,Gam; size x1.7
800D3244	Earnings	_getNameString	AptActionInterpreter.cpp	1045	4	low	calls:1 memcpy; size x2.8
800D3478	Earnings	GM_Earnings_TournamentPayout	Earnings.c	178	4	low	flt:2; size x2.2
800D3548	Earnings	GM_Earnings_AwardMoney	Earnings.c	212	12	med	callers:4 GameModeAlternateShot_EndGame,GameModeBa; size x1.1
800D37BC	Earnings	GM_Earnings_GetStrokeWinningsTeam	Earnings.c	427	6	low	callers:2 GameModeAlternateShot_EndGame,GameModeFo; size x1.7
800D750C	Earnings	GM_Earnings_AwardTrophyBall	Earnings.c	1293	4	low	calls:1 Mem_cpy; size x1.4
800D85DC	Earnings	CharModelMgrCharacterInstance::FindGeomByName	twChar.cpp	1947	4	low	calls:1 strcmp; size x1.1
800D8FE4	Earnings	GM_RecordIndividualShotStats	Earnings.c	1532	7	low	calls:1 Ter_GetSupportingWorldMaterial; callers:1 GM_PlayerTookShot; size x1.5
800DA6D0	GameHoleContests	GenericActor_InitActorInstance	GenericActor.cpp	273	6	low	calls:2 sprintf,strcmp; size x0.5
800DAE84	GameEffects	GameEffects_ResetGameEffectSettings	GameEffects.c	121	16	med	calls:1 EVENT_Trigger; callers:8 GM_InitForHole,GM_RestartHole,STATEFUNC_; size x1.2
800DAF74	GameEffects	GameEffects_ResetGameEffectTimeSettings	GameEffects.c	157	6	low	callers:2 GameEffects_ResetGameEffectSettings,STAT; size x1.3
800DB1C4	GameEffects	GameEffects_BallUpdatesThisFrame	GameEffects.c	173	16	med	calls:1 GOLFERSTATE_GetCurrentState; callers:7 CamAnimDebug_UpdateCamAnimRun,CamScript_; size x1.2
800DB30C	GameEffects	GameEffects_ScriptedGameBreakerBallHitTrigger	GameEffects.c	286	4	low	calls:1 EVENT_Trigger; size x1.1
800DBA50	GameEffects	GameEffects_InFlightGameBreakerTrigger	GameEffects.c	450	8	low	calls:2 DynamicCam_ChooseScriptInSequence,EVENT_Trigger; size x1.5
800DBDA8	GameEffects	GameEffects_EndGameBreaker	GameEffects.c	813	9	low	flt:1; calls:1 EVENT_Trigger; callers:1 STATEFUNC_SimulateUpdate; size x1.1
800DBF34	GameEffects	GameEffects_RenderGameBreakerEffects	GameEffects.c	880	3	low	size x1.9; gap 1/1
800DBFAC	GameEffects	GameEffects_RenderPredictedGB	GameEffects.c	921	4	low	flt:2; size x1.6
800DC18C	GameEffects	GameEffects_RenderScriptedGB	GameEffects.c	1144	4	low	flt:2; size x1.2
800DC290	GameEffects	GameEffects_DrawLetterBoxes	GameEffects.c	1203	5	low	flt:1; size x1.9; gap 1/1
800DC3A4	GameEffects	GameEffects_FieldOfViewChange	GameEffects.c	1246	16	med	flt:2; callers:5 CamScript_PutBackOnFairway,CamScript_Run; size x1.1
800DC45C	GameEffects	GameEffects_DepthOfFieldChange	GameEffects.c	1311	3	low	size x2.5; gap 1/2
800DC464	GameEffects	GameEffects_SimulateBall	GameEffects.c	1359	6	low	callers:1 CameraScript_UpdateLandingEstimate; size x1.4; gap 2/2
800DC498	GameEffects	GameEffects_SpinWindowDone	GameEffects.c	1373	4	low	calls:1 Mem_cpy; size x1.8
800DC524	GameEffects	GameEffects_SetSuperSlowMo	GameEffects.c	1457	16	med	calls:1 EVENT_Trigger; callers:4 GolfCamera_InitHeartBeatCamera,STATEFUNC; size x1.0
800DC9D4	GameEffects	GameEffects_Pause	GameEffects.c	1682	6	low	callers:2 STATEFUNC_MidHoleFlyByExit,STATEFUNC_Mid; size x0.9
800DCA94	GameEffects	GameEffects_GetLetterboxHeight	GameEffects.c	1721	4	low	flt:2; size x1.2
800DCE5C	GameManager	GM_EndOfGolferTurn	GameMode.c	577	29	high	calls:5 EVENT_Trigger,GM_CheckForAIConcede,GM_EndOfGolferTurn_HoleFi; callers:3 GM_DoPostShotInHoleUI,STATEFUNC_FadeToTa; size x2.4
800DCF98	GameManager	GM_EndOfGolferTurn_HoleFinished	GameMode.c	660	15	med	calls:3 EVENT_Trigger,GM_EndOfGolferTurn_GameFinished,GM_HoleFinishe; callers:1 GM_EndOfGolferTurn; size x3.6
800DD080	GameManager	GM_EndOfGolferTurn_GameFinished	GameMode.c	757	15	med	calls:3 CameraController_SetCameraMode,EVENT_Trigger,GOLFERSTATE_Set; callers:1 GM_EndOfGolferTurn_HoleFinished; size x2.5
800DD1E0	GameManager	GM_HoleFinished_GameNotFinished	GameMode.c	895	7	low	calls:1 GOLFERSTATE_Set; callers:1 GM_EndOfGolferTurn_HoleFinished; size x2.1
800DD2A8	GameManager	GM_CheckForAIConcede	GameMode.c	951	6	low	callers:1 GM_EndOfGolferTurn; size x2.7; gap 1/3
800DD3A4	GameManager	GM_BallHit	GameMode.c	998	6	low	callers:1 STATEFUNC_SwingUpdate; size x1.3; gap 2/3
800DD40C	GameManager	GM_PlayerAddStroke	GameMode.c	1037	6	low	callers:1 GM_PlayerTookShot; size x2.3; gap 3/3
800DD904	GameManager	GM_BumpBallForObstructions	GameMode.c	1319	15	med	calls:3 Physics_DropBall,Physics_InitBall,Ter_CheckObjectAndHazardOb; callers:1 STATEFUNC_ShowYardageExit; size x1.6
800DDA14	GameManager	GM_PlayerTookShot	GameMode.c	1390	15	med	calls:3 GM_CheckBallForUIHints,GM_CheckForBallOOB,GM_PlayerAddStroke; callers:1 STATEFUNC_SimulateUpdate; size x1.7
800DDDC8	GameManager	GM_PlayerTakeMulligan	GameMode.c	1651	14	med	calls:2 GOLFERSTATE_GetCurrentState,GOLFERSTATE_Switch; callers:2 GM_DoPostShotInHoleUI,STATEFUNC_Simulate; size x1.9
800DDFB4	GameManager	GM_DoPreshotAnimation	GameMode.c	1832	11	med	calls:2 Misc_RandFunc,Ter_CheckObjectAndHazardObstruction; callers:1 STATEFUNC_PreShotInit; size x0.9
800DE180	GameManager	GM_ShowPostShotAnimation	GameMode.c	1892	11	med	calls:3 Misc_RandFunc,Ter_GetEnclosingGroundData,Ter_PointInOOBNetwo; size x0.8
800DE7D8	GameManager	GM_ShowPostShotCrowdFlyby	GameMode.c	2128	6	low	callers:2 GolfCamera_InitPostShotCamera,GolfCamera; size x1.4
800DE828	GameManager	GM_FlyByMode_Init	GameMode.c	2144	4	low	calls:1 GOLFERSTATE_Push; size x1.3
800DE930	GameManager	GM_RestartHole	GameMode.c	2250	4	low	calls:1 GameEffects_ResetGameEffectSettings; size x1.5
800DEA44	GameManager	GM_ReplaceOOBBall	GameMode.c	2310	15	med	calls:3 Physics_DropBall,Physics_InitBall,Ter_PointInOOBNetwork; callers:1 STATEFUNC_ShowYardageUpdate; size x1.9
800DEB5C	GameManager	GM_ReplaceLateralHazardBall	GameMode.c	2346	8	low	calls:2 Physics_DropBall,Physics_InitBall; size x1.6
800DEC34	GameManager	GM_GolferConcede_Hole	GameMode.c	2388	7	low	calls:1 GOLFERSTATE_Switch; callers:1 GM_EndOfGolferTurn; size x2.3
800DED60	GameManager	GM_MovePlayerToBall	GameMode.c	2458	15	med	flt:1; calls:1 Ter_GetEnclosingGroundHeight; callers:3 STATEFUNC_InitialFlyByInit,STATEFUNC_Pre; size x1.6
800DEE4C	GameManager	GM_CheckForShotChanges	GameMode.c	2856	30	high	calls:8 BreakLine_Reset,Character_AlignShotWithTarget,EVENT_Trigger,; callers:2 STATEFUNC_GreenMorphUpdate,STATEFUNC_Swi; size x2.0
800DF280	GameManager	GM_DoPostShotInHoleUI	GameMode.c	3025	25	high	calls:4 GM_EndOfGolferTurn,GM_PlayerTakeMulligan,GOLFERSTATE_Switch,; callers:3 STATEFUNC_ConcededUpdate,STATEFUNC_InThe; size x1.6
800DF824	GameManager	GM_SimulateBallMovement	GameMode.c	3272	27	high	flt:4; calls:4 EVENT_Trigger,GameEffects_BallUpdatesThisFrame,Misc_RandFunc; callers:1 STATEFUNC_SimulateUpdate; size x2.2
800E0334	GameManager	GM_vGetAllTimeRecordsHeld	GameMode.c	3664	5	low	calls:1 strcmp; callers:1 GM_GetBonusProgress; size x0.5
800E0564	GameManager	GM_GetGameProgress	GameMode.c	3692	2	low	size x0.7; gap 1/1
800E0854	GameManager	GM_GetBonusProgress	GameMode.c	3747	4	low	flt:1; calls:1 GM_vGetAllTimeRecordsHeld; size x0.6
800E0A90	GameManager	GameManager::GetGameMode	GameManager.cpp	459	6	low	callers:2 GM_EndOfGolferTurn,GM_EndOfGolferTurn_Ho; size x1.0
800E1904	GameRound	GM_PgaTourSim_GetBestOpponentRelativeScore	PGATourSimulation.c	2812	12	med	callers:4 GameModeDriverPGATour_GetCurrentLead,Gam; size x1.7
800E2BA4	GameRound	CSpectatorBehavior::AimAtSpectatorUpdate	spectatorBehavior.cpp	326	4	low	calls:1 Misc_RandFunc; size x1.9
800E3B28	GameUI	GUI_Init	GameUI.c	177	6	low	callers:2 GM_InitForHole,GM_RestartHole; size x2.5
800E3D38	GameUI	GUI_ToggleUI	GameUI.c	298	5	low	callers:18 GM_BallHit,GM_CheckForShotChanges,GM_Gol; size x0.1
800E415C	GameUI	GUI_IsPauseMenuOpen	GameUI.c	436	6	low	callers:2 GM_Update,GOLFERSTATE_Update; size x3.0
800E4164	GameUI	GUI_StartPostShotUI	GameUI.c	445	9	low	callers:3 GM_CheckBallForUIHints,GM_CheckForBallOO; size x1.0
800E41C8	GameUI	GUI_FlagPostShotRequest	GameUI.c	455	6	low	callers:1 GM_GolferConcede_Hole; size x2.3; gap 1/2
800E41D4	GameUI	GUI_AdvancePostShotUI	GameUI.c	464	3	low	size x2.7; gap 2/2
800E4204	GameUI	GUI_HideAllHelpTips	GameUI.c	475	9	low	callers:3 GM_EndOfGolferTurn,GM_PlayerTakeMulligan; size x3.1
800E4254	GameUI	GUI_IsPostShotUIAnimating	GameUI.c	508	6	low	callers:2 GM_DoPostShotInHoleUI,STATEFUNC_ShowYard; size x1.1
800E4364	GameUI	GUI_QueUIMessageMessage	GameUI.c	647	9	low	callers:3 GameModeAlternateShot_EndGame,GameModeBa; size x3.8
800E45C0	GameUI	GUI_GolfersTiedUIMessage	GameUI.c	850	12	med	callers:7 GameModeAlternateShot_GameFinished,GameM; size x2.3
800E46B4	GameUI	GUI_CheckMessageQue	GameUI.c	1196	6	low	callers:3 GM_DoPostShotInHoleUI,GM_Update,STATEFUN; size x0.4
800E6C10	GameModeAlternateShot	GameModeAlternateShot::SetupNextGolfer	GameMode_AlternateShot.cpp	84	4	low	calls:1 GOLFERSTATE_Set; size x2.6
800E7038	GameModeAlternateShot	GameModeAlternateShot::HoleFinished	GameMode_AlternateShot.cpp	265	8	low	calls:2 GameModeAlternateShot_TeamBestPossibleScore,GameModeAlternat; size x1.8
800E723C	GameModeAlternateShot	GameModeAlternateShot::GameFinished	GameMode_AlternateShot.cpp	352	8	low	calls:2 GUI_GolfersTiedUIMessage,GameModeAlternateShot_TeamMatchWins; size x1.6
800E7474	GameModeAlternateShot	GameModeAlternateShot::GoToPlayoff	GameMode_AlternateShot.cpp	422	8	low	calls:2 GUI_GolfersTiedUIMessage,GameModeAlternateShot_TeamMatchWins; size x1.1
800E7740	GameModeAlternateShot	GameModeAlternateShot::EndHole	GameMode_AlternateShot.cpp	493	3	low	size x2.2; gap 1/1
800E7828	GameModeAlternateShot	GameModeAlternateShot::EndGame	GameMode_AlternateShot.cpp	550	8	low	calls:2 GM_Earnings_AwardMoney,GameModeAlternateShot_TeamMatchWins; size x2.1
800E7CBC	GameModeBattle	GameModeBattle::EndGame	GameMode_Battle.cpp	128	8	low	calls:2 GM_Earnings_AwardMoney,GameModeBattle_NumRemovableClubsLeft; size x1.8
800E7E64	GameModeBattle	GameModeBattle::ClubIsRequired	GameMode_Battle.cpp	342	6	low	callers:2 GameModeBattle_NumRemovableClubsLeft,Gam; size x1.0
800E7E88	GameModeBattle	GameModeBattle::NumRemovableClubsLeft	GameMode_Battle.cpp	370	10	med	calls:1 GameModeBattle_ClubIsRequired; callers:2 GameModeBattle_EndGame,GameModeBattle_Ga; size x1.5
800E9178	GameModeFourBall	GameModeFourBall::GetHonors	GameMode_FourBall.cpp	64	8	low	calls:2 GameModeFourBall_GetPlayerTeam,GameModeFourBall_TeamDone; size x1.9
800E948C	GameModeFourBall	GameModeFourBall::HoleFinished	GameMode_FourBall.cpp	242	16	med	calls:4 GameModeFourBall_TeamBestPossibleScore,GameModeFourBall_Team; size x1.2
800E96B8	GameModeFourBall	GameModeFourBall::GameFinished	GameMode_FourBall.cpp	297	8	low	calls:2 GUI_GolfersTiedUIMessage,GameModeFourBall_TeamMatchWins; size x1.6
800E98F0	GameModeFourBall	GameModeFourBall::GoToPlayoff	GameMode_FourBall.cpp	366	8	low	calls:2 GUI_GolfersTiedUIMessage,GameModeFourBall_TeamMatchWins; size x1.1
800E9BBC	GameModeFourBall	GameModeFourBall::CanPlayerHelp	GameMode_FourBall.cpp	648	7	low	calls:2 GameModeFourBall_TeamBestPossibleScore,GameModeFourBall_Team; size x0.7
800E9CF4	GameModeFourBall	GameModeFourBall::GetCurrentScoreString	GameMode_FourBall.cpp	691	4	low	calls:1 GameModeFourBall_TeamMatchWins; size x1.1
800EA548	GameModeMatch	GameModeMatch::GameFinished	GameMode_Match.cpp	364	7	low	calls:1 GUI_GolfersTiedUIMessage; callers:1 GameModeBattle_GameFinished; size x1.1
800EAB44	GameModeMatch	GameModeMatch::AwardWinnings	GameMode_Match.cpp	654	4	low	calls:1 GM_Earnings_AwardMoney; size x1.5
800EC170	GameMode5	FE_CrAP_GetRandomSliderValue	FE_CrAPUtils.c	883	4	low	calls:1 Misc_RandFunc; size x2.1
800EDFC0	GameModeDriverPGATour	GameModeDriverPGATour::Locale_PgaTourMode_LoadPGAnFromStream	GameModeDriver_PGATour.cpp	393	4	low	calls:1 Mem_cpy; size x2.6
800EE5B4	GameModeDriverPGATour	GameModeDriverPGATour::IsPuttForLead	GameModeDriver_PGATour.cpp	2943	8	low	calls:2 GM_PgaTourSim_GetBestOpponentPlayoffHoleScore,GM_PgaTourSim_; size x1.3
800EE778	GameModeDriverPGATour	GameModeDriverPGATour::GetCurrentLead	GameModeDriver_PGATour.cpp	2990	8	low	calls:2 GM_PgaTourSim_GetBestOpponentPlayoffHoleScore,GM_PgaTourSim_; size x1.6
800EE810	GameModeDriverPGATour	GameModeDriverPGATour::GetPotentialLead	GameModeDriver_PGATour.cpp	3006	8	low	calls:2 GM_PgaTourSim_GetBestOpponentPlayoffHoleScore,GM_PgaTourSim_; size x1.6
800EFAD0	GameModeDriverPGATour	GameModeDriverPGATour::AdvanceEvent	GameModeDriver_PGATour.cpp	3329	4	low	calls:1 GameModeDriverPGATour_GetEventOnOrAfter; size x2.9
800F009C	GameModeDriverPGATour	Free	system.cpp	1679	3	low	size x1.4; gap 1/3
800F00F8	GameModeDriverPGATour	SetJobScheduler	system.cpp	1688	3	low	size x1.0; gap 2/3
800F018C	GameModeDriverPGATour	SetAssertHandler	system.cpp	1697	3	low	size x1.4; gap 3/3
800F0E3C	GameModeDriverRTE	GameModeDriverRTE::UI_GetCalendarInitialDate	GameModeDriver_RealTimeEvents.cpp	75	4	low	calls:1 GameModeDriverRTE_GetCurrentDate; size x2.1
800F0EB4	GameModeDriverRTE	GameModeDriverRTE::GetEventData	GameModeDriver_RealTimeEvents.cpp	258	4	low	calls:1 GameModeDriverRTE_GetCalData; size x1.8
800F0FBC	GameModeDriverRTE	GameModeDriverRTE::UI_GetEventIconIndexInDetails	GameModeDriver_RealTimeEvents.cpp	1539	4	low	calls:1 GameModeDriverRTE_GetCalData; size x1.5
800F1008	GameModeDriverRTE	GM_RealtimeMode_GetEventInfoByDate	GameModeDriver_RealTimeEvents.cpp	1691	4	low	calls:1 GameModeDriverRTE_GetCalData; size x2.4
800F15AC	GameModeReplay	GameModeReplay::SetupNextGolfer	GameMode_Replay.cpp	83	16	med	calls:4 GOLFERSTATE_Switch,Mem_cpy,Physics_DropBall,Physics_InitBall; size x1.6
800F81FC	GameMode2	GameModeSkins::SetupNextGolfer	GameMode_Skins.cpp	84	4	low	calls:1 GOLFERSTATE_Set; size x2.0
800F9100	GameMode2	GameModeSkins::EndGame	GameMode_Skins.cpp	583	4	low	calls:1 GM_Earnings_AwardMoney; size x1.7
800FCCF0	GameMode8	STATEFUNC_ShowYardageUpdate	stateFunc.c	4478	4	low	calls:1 GOLFERSTATE_Switch; size x1.3
800FD8D0	GameMode8	GameModeSkillZoneTarget::UpdateDisplayInfoNormal	GameMode_SkillZoneTarget.cpp	125	8	low	calls:2 sprintf,strcpy; size x1.9
800FE3FC	GameModeStableford	GameModeStableford::GetHonors	GameMode_Stableford.cpp	193	4	low	calls:1 GameModeStableford_PlayerDoneHole; size x1.4
800FE7EC	GameModeStableford	GameModeStableford::HoleFinished	GameMode_Stableford.cpp	353	4	low	calls:1 GameModeStableford_PlayerDoneHole; size x1.2
800FF7DC	GameModeStroke	GameModeStroke::SetupNextGolfer	GameMode_Stroke.cpp	87	4	low	calls:1 GOLFERSTATE_Set; size x1.4
800FFDB8	GameModeStroke	GameModeStroke::AwardWinnings	GameMode_Stroke.cpp	468	4	low	calls:1 GM_Earnings_AwardMoney; size x1.6
801037F8	FE_CrAPDB	FE_CrAP_InitModule	FE_CrAPDB.c	639	5	low	file:fe_crapdb.c; callers:1 GO_vInitFE; size x2.8
80104398	FE_CrAPDB	TWCharResMan::CalcWorstCaseBuffers	FE_twCharResMan.cpp	4051	4	low	calls:1 strcmp; size x1.0
80104F68	FE_CrAPDB	FE_CrAP_GetTriggerAnims	FE_CrAPDB.c	909	6	low	callers:2 FE_CrAP_TurnOnAsset,FE_CrAP_TurnOnPart; size x1.4
8010645C	FE_CrAPDB	FE_CrAP_GetColorNameFromID	FE_CrAPDB.c	3546	10	med	str:1 'NONE'; size x3.1
801070F4	FE_CrAPDB	GenericActor_AddTextureSubstitution	GenericActor.cpp	1133	4	low	calls:1 strcpy; size x2.1
80109514	FE_CrAPMessages	GM_vCRAPCreatingLogo	FE_CrAPMessages.c	641	4	low	calls:1 memset; size x1.4
8010ADA4	LLDynTex	AptActionInterpreter::getContext	AptActionInterpreter.cpp	536	4	low	calls:1 memcpy; size x1.8
8010B0C0	LLDynTex	CharModelMgrCharacterInstance::Init	twChar.cpp	1482	4	low	calls:1 memset; size x1.0
8010B1D4	LLDynTex	AptActionInterpreter::getName	AptActionInterpreter.cpp	1131	4	low	calls:1 memcpy; size x3.2
8010B2A8	LLDynTex	CharModelMgrCharacterInstance::UncullMesh	twChar.cpp	2105	4	low	calls:1 memcpy; size x1.6
8010E890	FE_PGATourMessages	GameModeSkillZoneTarget::UpdateDisplayInfoTrainingChallenge	GameMode_SkillZoneTarget.cpp	173	8	low	calls:2 sprintf,strcpy; size x1.5
8010FAF4	FE_LogoDesign	FE_LogoDesign_SetCurUserLogoData	FE_LogoDesign.c	380	4	low	calls:1 Mem_cpy; size x1.8
8010FF9C	DiscCheck	ExecuteLine	tiger_module_lua.cpp	296	4	low	calls:1 strlen; size x1.1
801102AC	DiscCheck	CharTintDefDB::LoadFromStream	twChar.cpp	256	4	low	calls:1 memcpy; size x1.7
801104AC	hwsBurn	Create	RNATexturePlat.cpp	210	4	low	calls:1 memset; size x1.1
801111E8	hwsBurn	Create	RNATexturePlat.cpp	335	4	low	calls:1 memcpy; size x1.8
80112B34	hwsOverride_Gc	Destroy	RNATexturePlat.cpp	416	4	low	calls:1 memset; size x1.3
80117600	PGATourSimulation	GetEntrantMCPtr	PGATourSimulation.c	354	8	low	callers:3 GM_PgaTourSim_AdvanceField,GM_PgaTourSim; size x5.3
80117628	PGATourSimulation	GetEntrantNonMCPtr	PGATourSimulation.c	369	10	low	callers:4 GM_PgaTourSim_AdvanceField,GM_PgaTourSim; size x7.2
801178C8	PGATourSimulation	GM_PgaTourSim_SimRound	PGATourSimulation.c	599	9	low	calls:3 GM_PgaTourSim_SimAdjustEntrantScores,GetEntrantNonMCPtr,Misc; size x8.2
80117BF4	PGATourSimulation	GM_PgaTourSim_PassEntrant	PGATourSimulation.c	1146	4	low	calls:1 GetEntrantMCPtr; size x1.8
80117C50	PGATourSimulation	GM_PgaTourSim_CutEntrant	PGATourSimulation.c	1166	4	low	calls:1 GetEntrantMCPtr; size x1.7
80117CB8	PGATourSimulation	CommitEntrantRoundScore	PGATourSimulation.c	1186	8	low	calls:2 GetEntrantMCPtr,GetEntrantNonMCPtr; size x1.8
80117E98	PGATourSimulation	GM_PgaTourSim_SimTournamentWinner	PGATourSimulation.c	1307	12	med	calls:3 CalcScoreRankingsIfDirty,GetEntrantMCPtr,Misc_RandFunc; size x2.3
801180C4	PGATourSimulation	GM_PgaTourSim_CheckEndOfTournamentAward	PGATourSimulation.c	1418	4	low	calls:1 Misc_RandFunc; size x1.2
80118664	PGATourSimulation	GM_PgaTourSim_GetNumEntrants	PGATourSimulation.c	1674	9	low	callers:3 GM_PgaTourSim_AdvanceField,GM_PgaTourSim; size x3.8
80118710	PGATourSimulation	GM_PgaTourSim_GetStatValString	PGATourSimulation.c	1723	6	low	callers:2 UIStatsRankings_GetIndStatsRow,UIStatsRa; size x2.1
80118E68	PGATourSimulation	GM_PgaTourSim_GetStatRankFromGolferID	PGATourSimulation.c	2443	10	med	calls:1 CalcAllStatsIfDirty; callers:2 UIStatsRankings_GetIndStatsRow,UIStatsRa; size x2.4
80118EBC	PGATourSimulation	GM_PgaTourSim_GetStatValueFromGolferID	PGATourSimulation.c	2459	10	med	calls:1 CalcAllStatsIfDirty; callers:2 UIStatsRankings_GetIndStatsRow,UIStatsRa; size x1.8
80118F10	PGATourSimulation	GM_PgaTourSim_GetGolferIDFromStatRow	PGATourSimulation.c	2469	7	low	calls:1 CalcAllStatsIfDirty; callers:1 UIStatsRankings_GetIndStatsRow; size x1.9
80118F60	PGATourSimulation	GM_PgaTourSim_IsLeaderForStat	PGATourSimulation.c	2480	4	low	calls:1 CalcAllStatsIfDirty; size x1.8
8011908C	PGATourSimulation	GM_PgaTourSim_IsEntrantUser	PGATourSimulation.c	2561	7	low	calls:1 GetEntrantMCPtr; callers:1 GM_PgaTourSim_SimTournamentWinner; size x2.0
801190D8	PGATourSimulation	GM_PgaTourSim_GetScoreRankFromEntrantID	PGATourSimulation.c	2602	4	low	calls:1 CalcScoreRankingsIfDirty; size x2.1
80119118	PGATourSimulation	GM_PgaTourSim_GetGolferIDFromEntrantID	PGATourSimulation.c	2612	6	low	calls:1 GetEntrantMCPtr; callers:1 GameModeDriverPGATour_GetCurrentEventLea; size x4.2
8011913C	PGATourSimulation	GetLastHoleToScore	PGATourSimulation.c	2628	4	low	calls:1 GetEntrantNonMCPtr; size x1.3
801191D0	PGATourSimulation	GM_PgaTourSim_GetTotalScoreFromEntrantID	PGATourSimulation.c	2662	8	low	calls:2 GetEntrantMCPtr,GetEntrantNonMCPtr; size x1.7
8011937C	PGATourSimulation	GM_PgaTourSim_GetRelativeScoreFromEntrantID	PGATourSimulation.c	2721	7	low	calls:1 GetEntrantNonMCPtr; callers:1 GM_PgaTourSim_GetBestOpponentRelativeSco; size x1.9
80119638	PGATourSimulation	GM_PgaTourSim_GetRoundScoreFromEntrantID	PGATourSimulation.c	2836	7	low	calls:2 GetEntrantMCPtr,GetEntrantNonMCPtr; size x0.8
801197A4	PGATourSimulation	GM_PgaTourSim_GetWasCutFromEntrantID	PGATourSimulation.c	2874	4	low	calls:1 GetEntrantMCPtr; size x2.9
801197CC	PGATourSimulation	GM_PgaTourSim_GetEntrantIDFromScoreRow	PGATourSimulation.c	2892	7	low	calls:1 CalcScoreRankingsIfDirty; callers:1 GameModeDriverPGATour_GetCurrentEventLea; size x2.8
8011989C	PGATourSimulation	GM_PgaTourSim_SetUserEntrantHoleStrokes	PGATourSimulation.c	2940	6	low	calls:1 GetEntrantNonMCPtr; callers:1 GM_CheckForBallOOB; size x4.3
801198F8	PGATourSimulation	GM_PgaTourSim_GetEntrantHoleStrokes	PGATourSimulation.c	2974	4	low	calls:1 GetEntrantNonMCPtr; size x2.0
80119934	PGATourSimulation	GM_PgaTourSim_AdvanceField	PGATourSimulation.c	3036	12	med	calls:3 GetEntrantMCPtr,GetEntrantNonMCPtr,Misc_RandFunc; size x1.8
80119A04	PGATourSimulation	GM_PgaTourSim_GetCurrentHoleFromEntrantID	PGATourSimulation.c	3080	4	low	calls:1 GetEntrantNonMCPtr; size x2.4
80119A2C	PGATourSimulation	GM_PgaTourSim_GetLeaderboardWinningsFromEntrantID	PGATourSimulation.c	3094	4	low	calls:1 GetEntrantMCPtr; size x3.2
80119B54	PGATourSimulation	GM_PgaTourSim_SimEntrantScoresOnHole	PGATourSimulation.c	3187	8	low	calls:2 GetEntrantMCPtr,GetEntrantNonMCPtr; size x2.0
80119D78	PGATourSimulation	TotalEntrantHoleScores	PGATourSimulation.c	3268	5	low	calls:1 GetEntrantNonMCPtr; callers:1 GM_PgaTourSim_SimAdjustEntrantScores; size x0.5
80119E28	PGATourSimulation	GM_PgaTourSim_SimAdjustEntrantScores	PGATourSimulation.c	3527	22	high	flt:3; calls:4 GetEntrantMCPtr,GetEntrantNonMCPtr,Misc_RandFunc,TotalEntran; size x1.6
8011A074	PGATourSimulation	GM_PgaTourSim_SimStats	PGATourSimulation.c	3919	8	low	calls:2 GetEntrantMCPtr,GetEntrantNonMCPtr; size x1.9
8011A5F8	PGATourSimulation	GM_PgaTourSim_InitPlayoff	PGATourSimulation.c	3947	7	low	calls:1 GetEntrantNonMCPtr; callers:1 GameModeDriverPGATour_GameFinished; size x2.6
8011A684	PGATourSimulation	GM_PgaTourSim_GetNumPlayoffEntrants	PGATourSimulation.c	3980	10	med	calls:1 GetEntrantNonMCPtr; callers:2 GM_PgaTourSim_SimTournamentWinner,GameMo; size x2.1
8011A6F4	PGATourSimulation	GM_PgaTourSim_EntrantIsInPlayoff	PGATourSimulation.c	4029	10	med	calls:1 GetEntrantNonMCPtr; callers:2 GM_PgaTourSim_SimTournamentWinner,GameMo; size x2.5
8011A720	PGATourSimulation	GM_PgaTourSim_UpdatePlayoffs	PGATourSimulation.c	4069	6	low	calls:1 GetEntrantNonMCPtr; callers:1 GameModeDriverPGATour_GameFinished; size x5.3
8011A7C8	PGATourSimulation	GM_PgaTourSim_GetBestOpponentPlayoffHoleScore	PGATourSimulation.c	4163	13	med	calls:1 GetEntrantNonMCPtr; callers:3 GameModeDriverPGATour_GetCurrentLead,Gam; size x2.8
8011A85C	PGATourSimulation	CalcAllStatsIfDirty	PGATourSimulation.c	4770	5	low	calls:1 CalcAllStats; callers:3 GM_PgaTourSim_GetGolferIDFromStatRow,GM_; size x41.4
8011A890	PGATourSimulation	CalcScoreRankings	PGATourSimulation.c	4781	7	low	calls:1 qsort; callers:1 CalcScoreRankingsIfDirty; size x1.3
8011AAC0	PGATourSimulation	CalcScoreRankingsIfDirty	PGATourSimulation.c	4923	4	low	calls:1 qsort; size x2.7
8011B978	PGATourSimulation	SplitWinnings	PGATourSimulation.c	5429	4	low	calls:1 GetEntrantMCPtr; size x2.4
8011BAD4	PGATourSimulation	GM_PgaTourSim_DistributeWinnings	PGATourSimulation.c	5463	7	low	calls:1 CalcScoreRankingsIfDirty; callers:1 GM_PgaTourSim_SimTournamentWinner; size x1.8
8011BDF8	PGATourSimulation	TournamentRankIncreasing	PGATourSimulation.c	5613	8	low	calls:2 GetEntrantMCPtr,strcmp; size x1.4
8011BF74	PGATourSimulation	TournamentRankIncreasingForCutEntrants	PGATourSimulation.c	5674	8	low	calls:2 GetEntrantMCPtr,strcmp; size x2.3
8011CF64	fe_stats	UIStatsRankings_GetRow	FE_Stats.c	216	16	med	calls:4 GM_PgaTourSim_GetStatRankFromGolferID,GM_PgaTourSim_GetStatV; size x1.7
8011D0A8	fe_stats	UIStatsRankings_GetIndStatsRow	FE_Stats.c	270	24	med	calls:6 GM_PgaTourSim_GetGolferIDFromStatRow,GM_PgaTourSim_GetStatRa; size x1.5
8011E0AC	llrtclock	RTClock_GetDateTimeString	LLRTClock.c	18	10	med	str:1 '%d/%d/%d %d:%02d %s'; size x1.4
80121488	GameMode4Menu	TWCharResMan::FindInResTexList	FE_twCharResMan.cpp	1891	8	low	calls:2 strcmp,strlen; size x1.9
8012168C	GameMode4Menu	TWCharResMan::FreeTextureCache	FE_twCharResMan.cpp	2598	4	low	calls:1 memset; size x2.9
80122FD8	gbacable	newNumMicroMeshesForMesh	twChar.cpp	2235	4	low	calls:1 memcmp; size x1.4
8012645C	GameMode22	GameModeSkillZoneTarget::EndGolferTurn	GameMode_SkillZoneTarget.cpp	276	4	low	calls:1 Physics_InitBall; size x2.3
80127614	SkinBurn	UIGameFace::CacheExistingLogo	UI_GameFace.cpp	4178	4	low	calls:1 memcpy; size x1.2
80129E88	EASBStorage	TWCharResMan_InitModule	FE_twCharResMan.cpp	129	4	low	calls:1 memset; size x1.2
8012B27C	EASBStorage	TWCharResMan::FreeMeshResource	FE_twCharResMan.cpp	1300	4	low	calls:1 memset; size x1.3
8012B4C0	EASBStorage	TWCharResMan::FreeCharacters	FE_twCharResMan.cpp	2629	4	low	calls:1 memset; size x1.8
8012BA58	EASBStorage	ProShopAssetPreviewManager::SetupGlovesCamera	FE_ProShopPreviews.cpp	891	4	low	calls:1 memset; size x2.8
8012BBD8	EASBStorage	ProShopAssetPreviewManager::SetupClubHeadsCamera	FE_ProShopPreviews.cpp	967	4	low	calls:1 memset; size x3.0
8012BD0C	EASBStorage	ProShopAssetPreviewManager::SetupShaftsCamera	FE_ProShopPreviews.cpp	1035	4	low	calls:1 memset; size x2.6
8012C03C	EASBStorage	GFLogoFlowProceed	UI_GameFace.cpp	4152	8	low	calls:2 memcpy,memset; size x1.2
80168FC8	UISApi	TWCharResMan::BurnCharacters	FE_twCharResMan.cpp	2713	4	low	calls:1 memmove; size x1.7
80169590	UISApi	TWCharResMan::CacheAllMeshes	FE_twCharResMan.cpp	3832	4	low	calls:1 memset; size x1.5
8016B6BC	UISScreen	AptStreamSupport::UnloadMovie	uiAptStreamSupport.cpp	1299	3	low	size x2.3; gap 1/2
8016B808	UISScreen	AptStreamSupport::StartPreLoadNow	uiAptStreamSupport.cpp	1326	3	low	size x2.6; gap 2/2
8016B844	UISScreen	CharModelMgrCharacterInstance::BindTexturesToMesh	twChar.cpp	3398	4	low	calls:1 strlen; size x1.5
8016FE1C	Common/SharedFileIO/SharedFileIO	Run	tiger_module_lua.cpp	324	4	low	calls:1 strlen; size x1.2
80170300	Common/SharedFileIO/SharedFileIO	l_realloc	tiger_module_lua.cpp	698	4	low	calls:1 memcpy; size x1.9
8017060C	Common/SharedFileIO/SharedFileIO	AptActionInterpreter::getName2	AptActionInterpreter.cpp	1144	4	low	calls:1 memcpy; size x2.8
801715B8	NGC/SharedFileIO/llSharedFileIO	TWCharResMan::UpdateBlends	FE_twCharResMan.cpp	786	4	low	calls:2 memset,strlen; size x11.0
80171744	NGC/SharedFileIO/llSharedFileIO	TWCharResMan::PostLoadProcess	FE_twCharResMan.cpp	1471	10	low	calls:3 memcpy,memset,strlen; size x6.7
80171ADC	NGC/SharedFileIO/llSharedFileIO	CharModelMgrCharacterInstance::CullMesh	twChar.cpp	2082	6	low	calls:2 memcpy,strlen; size x0.5
80171CB8	NGC/SharedFileIO/llSharedFileIO	TWCharResMan::MakeWorstCaseCharacter	FE_twCharResMan.cpp	4109	10	low	calls:3 memcpy,memset,strlen; size x6.9
80173448	Common/TagFile/TagFile	ImportRawFormat	Table.cpp	2226	8	low	str:1 'NULL != pBuffer'; size x6.2
80173530	Common/TagFile/TagFile	LevelInit	tiger_module_lua.cpp	142	4	low	calls:1 memcpy; size x2.0
80173E34	Common/TagFile/TagFile	UIGameFace::NotifyTattooUpdate	UI_GameFace.cpp	1943	8	low	calls:2 memcpy,memset; size x1.4
