kind	string	address	disc	in_tw04
path	../../../Golf/Lo-Rendering/Shader/ShaderObject/ShaderObjectCommon/Gc/Headers/GoShaderObjectCommon_DynamicRenderingBuffer_Gc.h	801F7710	Tiger Woods PGA Tour 2005 (USA) (Disc 1)	no
path	../../../Golf/Lo-Rendering/Shader/ShaderObject/ShaderObjectCommon/Gc/Headers/GoShaderObjectCommon_DynamicRenderingBuffer_Gc.h	801F77AC	Tiger Woods PGA Tour 2005 (USA) (Disc 1)	no
path	../../../Golf/Lo-Rendering/Shader/ShaderObject/ShaderObjectCommon/Gc/Headers/GoShaderObjectCommon_DynamicRenderingBuffer_Gc.h	801F7908	Tiger Woods PGA Tour 2005 (USA) (Disc 1)	no
message	WARNING: Camera thinks ball moved more than 1000 yards in one frame!	801F7ADC	Tiger Woods PGA Tour 2005 (USA) (Disc 1)	no
path	../../../Golf/Lo-Rendering/Shader/ShaderObject/ShaderObjectCommon/Gc/Headers/GoShaderObjectCommon_DynamicRenderingBuffer_Gc.h	801F7CF8	Tiger Woods PGA Tour 2005 (USA) (Disc 1)	no
path	c:/dev/Golf_2005/Tigercode/Code/Golf/Cameras/GoCamTuningVars.c	801F7D88	Tiger Woods PGA Tour 2005 (USA) (Disc 1)	no
path	../../../Golf/Lo-Rendering/Shader/ShaderObject/ShaderObjectCommon/Gc/Headers/GoShaderObjectCommon_DynamicRenderingBuffer_Gc.h	801F7E94	Tiger Woods PGA Tour 2005 (USA) (Disc 1)	no
path	c:/dev/Golf_2005/Tigercode/Code/Golf/Cameras/GoComicCam.c	801F7F24	Tiger Woods PGA Tour 2005 (USA) (Disc 1)	no
path	../../../Golf/Lo-Rendering/Shader/ShaderObject/ShaderObjectCommon/Gc/Headers/GoShaderObjectCommon_DynamicRenderingBuffer_Gc.h	801F80A8	Tiger Woods PGA Tour 2005 (USA) (Disc 1)	no
path	../../../Golf/Lo-Rendering/Shader/ShaderObject/ShaderObjectCommon/Gc/Headers/GoShaderObjectCommon_DynamicRenderingBuffer_Gc.h	801F8138	Tiger Woods PGA Tour 2005 (USA) (Disc 1)	no
path	c:/dev/Golf_2005/Tigercode/Code/Golf/Cameras/GoDynamicCam.c	801F81C8	Tiger Woods PGA Tour 2005 (USA) (Disc 1)	no
path	../../../Golf/Lo-Rendering/Shader/ShaderObject/ShaderObjectCommon/Gc/Headers/GoShaderObjectCommon_DynamicRenderingBuffer_Gc.h	801F8580	Tiger Woods PGA Tour 2005 (USA) (Disc 1)	no
path	c:/dev/Golf_2005/Tigercode/Code/Golf/Cameras/GoGolfCam.c	801F861C	Tiger Woods PGA Tour 2005 (USA) (Disc 1)	no
path	../../../Golf/Lo-Rendering/Shader/ShaderObject/ShaderObjectCommon/Gc/Headers/GoShaderObjectCommon_DynamicRenderingBuffer_Gc.h	801F8B90	Tiger Woods PGA Tour 2005 (USA) (Disc 1)	no
path	c:/dev/Golf_2005/Tigercode/Code/Golf/Cameras/GoStaticCam.c	801F8C68	Tiger Woods PGA Tour 2005 (USA) (Disc 1)	no
message	Static Cam: %d	801F8CC0	Tiger Woods PGA Tour 2005 (USA) (Disc 1)	yes
path	../../../Golf/Lo-Rendering/Shader/ShaderObject/ShaderObjectCommon/Gc/Headers/GoShaderObjectCommon_DynamicRenderingBuffer_Gc.h	801F8D28	Tiger Woods PGA Tour 2005 (USA) (Disc 1)	no
path	c:/dev/Golf_2005/Tigercode/Code/Golf/EASportsShared/EASportsBio.c	801F8DB8	Tiger Woods PGA Tour 2005 (USA) (Disc 1)	no
path	../../../Golf/Lo-Rendering/Shader/ShaderObject/ShaderObjectCommon/Gc/Headers/GoShaderObjectCommon_DynamicRenderingBuffer_Gc.h	801F8E30	Tiger Woods PGA Tour 2005 (USA) (Disc 1)	no
path	../../../Golf/SFX/Headers/SFX_GameInterface.h	801F8ECC	Tiger Woods PGA Tour 2005 (USA) (Disc 1)	no
path	c:/dev/Golf_2005/Tigercode/Code/Golf/Entry/GoEntry.c	801F8F24	Tiger Woods PGA Tour 2005 (USA) (Disc 1)	no
path	../../../Golf/Lo-Rendering/Shader/ShaderObject/ShaderObjectCommon/Gc/Headers/GoShaderObjectCommon_DynamicRenderingBuffer_Gc.h	801F8F74	Tiger Woods PGA Tour 2005 (USA) (Disc 1)	no
path	../../../Golf/SFX/Headers/SFX_GameInterface.h	801F9010	Tiger Woods PGA Tour 2005 (USA) (Disc 1)	no
path	../../../Golf/Lo-Rendering/Shader/ShaderObject/ShaderObjectCommon/Gc/Headers/GoShaderObjectCommon_DynamicRenderingBuffer_Gc.h	801F9088	Tiger Woods PGA Tour 2005 (USA) (Disc 1)	no
path	../../../Golf/Lo-Rendering/Shader/ShaderObject/ShaderObjectCommon/Gc/Headers/GoShaderObjectCommon_DynamicRenderingBuffer_Gc.h	801F9130	Tiger Woods PGA Tour 2005 (USA) (Disc 1)	no
path	../../../Golf/Lo-Rendering/Shader/ShaderObject/ShaderObjectCommon/Gc/Headers/GoShaderObjectCommon_DynamicRenderingBuffer_Gc.h	801F9230	Tiger Woods PGA Tour 2005 (USA) (Disc 1)	no
path	../../../Golf/Lo-Rendering/Shader/ShaderObject/ShaderObjectCommon/Gc/Headers/GoShaderObjectCommon_DynamicRenderingBuffer_Gc.h	801F92C0	Tiger Woods PGA Tour 2005 (USA) (Disc 1)	no
path	../../../Golf/Lo-Rendering/Shader/ShaderObject/ShaderObjectCommon/Gc/Headers/GoShaderObjectCommon_DynamicRenderingBuffer_Gc.h	801F9368	Tiger Woods PGA Tour 2005 (USA) (Disc 1)	no
message	%d/%d/%d	801F9498	Tiger Woods PGA Tour 2005 (USA) (Disc 1)	yes
path	../../../Golf/Lo-Rendering/Shader/ShaderObject/ShaderObjectCommon/Gc/Headers/GoShaderObjectCommon_DynamicRenderingBuffer_Gc.h	801F94B0	Tiger Woods PGA Tour 2005 (USA) (Disc 1)	no
path	../../../Golf/Lo-Rendering/Shader/ShaderObject/ShaderObjectCommon/Gc/Headers/GoShaderObjectCommon_DynamicRenderingBuffer_Gc.h	801F95D4	Tiger Woods PGA Tour 2005 (USA) (Disc 1)	no
path	c:/dev/Golf_2005/Tigercode/Code/Golf/GameMode/CourseTable.cpp	801F9664	Tiger Woods PGA Tour 2005 (USA) (Disc 1)	no
path	../../../Golf/Lo-Rendering/Shader/ShaderObject/ShaderObjectCommon/Gc/Headers/GoShaderObjectCommon_DynamicRenderingBuffer_Gc.h	801F96A4	Tiger Woods PGA Tour 2005 (USA) (Disc 1)	no
path	../../../Golf/Lo-Rendering/Shader/ShaderObject/ShaderObjectCommon/Gc/Headers/GoShaderObjectCommon_DynamicRenderingBuffer_Gc.h	801F9734	Tiger Woods PGA Tour 2005 (USA) (Disc 1)	no
path	../../../Golf/Lo-Rendering/Shader/ShaderObject/ShaderObjectCommon/Gc/Headers/GoShaderObjectCommon_DynamicRenderingBuffer_Gc.h	801F97C8	Tiger Woods PGA Tour 2005 (USA) (Disc 1)	no
path	../../../Golf/Lo-Rendering/Shader/ShaderObject/ShaderObjectCommon/Gc/Headers/GoShaderObjectCommon_DynamicRenderingBuffer_Gc.h	801F99F0	Tiger Woods PGA Tour 2005 (USA) (Disc 1)	no
path	../../../Golf/Lo-Rendering/Shader/ShaderObject/ShaderObjectCommon/Gc/Headers/GoShaderObjectCommon_DynamicRenderingBuffer_Gc.h	801F9BBC	Tiger Woods PGA Tour 2005 (USA) (Disc 1)	no
path	../../../Golf/Lo-Rendering/Shader/ShaderObject/ShaderObjectCommon/Gc/Headers/GoShaderObjectCommon_DynamicRenderingBuffer_Gc.h	801F9C60	Tiger Woods PGA Tour 2005 (USA) (Disc 1)	no
path	../../../Golf/Lo-Rendering/Shader/ShaderObject/ShaderObjectCommon/Gc/Headers/GoShaderObjectCommon_DynamicRenderingBuffer_Gc.h	801F9E50	Tiger Woods PGA Tour 2005 (USA) (Disc 1)	no
path	../../../Golf/Lo-Rendering/Shader/ShaderObject/ShaderObjectCommon/Gc/Headers/GoShaderObjectCommon_DynamicRenderingBuffer_Gc.h	801FA018	Tiger Woods PGA Tour 2005 (USA) (Disc 1)	no
path	../../../Golf/Lo-Rendering/Shader/ShaderObject/ShaderObjectCommon/Gc/Headers/GoShaderObjectCommon_DynamicRenderingBuffer_Gc.h	801FA0B8	Tiger Woods PGA Tour 2005 (USA) (Disc 1)	no
path	../../../Golf/Lo-Rendering/Shader/ShaderObject/ShaderObjectCommon/Gc/Headers/GoShaderObjectCommon_DynamicRenderingBuffer_Gc.h	801FA180	Tiger Woods PGA Tour 2005 (USA) (Disc 1)	no
path	../../../Golf/Lo-Rendering/Shader/ShaderObject/ShaderObjectCommon/Gc/Headers/GoShaderObjectCommon_DynamicRenderingBuffer_Gc.h	801FA230	Tiger Woods PGA Tour 2005 (USA) (Disc 1)	no
path	../../../Golf/Lo-Rendering/Shader/ShaderObject/ShaderObjectCommon/Gc/Headers/GoShaderObjectCommon_DynamicRenderingBuffer_Gc.h	801FA304	Tiger Woods PGA Tour 2005 (USA) (Disc 1)	no
path	c:/dev/Golf_2005/Tigercode/Code/Golf/GameMode/LadderedMode.c	801FA394	Tiger Woods PGA Tour 2005 (USA) (Disc 1)	no
path	../../../Golf/Lo-Rendering/Shader/ShaderObject/ShaderObjectCommon/Gc/Headers/GoShaderObjectCommon_DynamicRenderingBuffer_Gc.h	801FA3E4	Tiger Woods PGA Tour 2005 (USA) (Disc 1)	no
path	../../../Golf/Lo-Rendering/Shader/ShaderObject/ShaderObjectCommon/Gc/Headers/GoShaderObjectCommon_DynamicRenderingBuffer_Gc.h	801FA4D8	Tiger Woods PGA Tour 2005 (USA) (Disc 1)	no
path	../../../Golf/Lo-Rendering/Shader/ShaderObject/ShaderObjectCommon/Gc/Headers/GoShaderObjectCommon_DynamicRenderingBuffer_Gc.h	801FA5A8	Tiger Woods PGA Tour 2005 (USA) (Disc 1)	no
path	../../../Golf/SFX/Headers/SFX_GameInterface.h	801FA644	Tiger Woods PGA Tour 2005 (USA) (Disc 1)	no
path	../../../Golf/Lo-Rendering/Shader/ShaderObject/ShaderObjectCommon/Gc/Headers/GoShaderObjectCommon_DynamicRenderingBuffer_Gc.h	801FA6A0	Tiger Woods PGA Tour 2005 (USA) (Disc 1)	no
path	../../../Golf/Lo-Rendering/Shader/ShaderObject/ShaderObjectCommon/Gc/Headers/GoShaderObjectCommon_DynamicRenderingBuffer_Gc.h	801FA730	Tiger Woods PGA Tour 2005 (USA) (Disc 1)	no
path	../../../Golf/Lo-Rendering/Shader/ShaderObject/ShaderObjectCommon/Gc/Headers/GoShaderObjectCommon_DynamicRenderingBuffer_Gc.h	801FA7C0	Tiger Woods PGA Tour 2005 (USA) (Disc 1)	no
path	c:/dev/Golf_2005/Tigercode/Code/Golf/GameMode/PGATourMode.c	801FA850	Tiger Woods PGA Tour 2005 (USA) (Disc 1)	no
path	../../../Golf/Lo-Rendering/Shader/ShaderObject/ShaderObjectCommon/Gc/Headers/GoShaderObjectCommon_DynamicRenderingBuffer_Gc.h	801FA8A0	Tiger Woods PGA Tour 2005 (USA) (Disc 1)	no
message	%%.%df	801FA95C	Tiger Woods PGA Tour 2005 (USA) (Disc 1)	yes
message	ERROR!!!	801FA980	Tiger Woods PGA Tour 2005 (USA) (Disc 1)	no
path	c:/dev/Golf_2005/Tigercode/Code/Golf/GameMode/PGATourSimulation.c	801FABA4	Tiger Woods PGA Tour 2005 (USA) (Disc 1)	no
path	../../../Golf/Lo-Rendering/Shader/ShaderObject/ShaderObjectCommon/Gc/Headers/GoShaderObjectCommon_DynamicRenderingBuffer_Gc.h	801FABE8	Tiger Woods PGA Tour 2005 (USA) (Disc 1)	no
path	c:/dev/Golf_2005/Tigercode/Code/Golf/GameMode/PlayNowMode.c	801FAC78	Tiger Woods PGA Tour 2005 (USA) (Disc 1)	no
path	../../../Golf/Lo-Rendering/Shader/ShaderObject/ShaderObjectCommon/Gc/Headers/GoShaderObjectCommon_DynamicRenderingBuffer_Gc.h	801FACB8	Tiger Woods PGA Tour 2005 (USA) (Disc 1)	no
path	../../../Golf/Lo-Rendering/Shader/ShaderObject/ShaderObjectCommon/Gc/Headers/GoShaderObjectCommon_DynamicRenderingBuffer_Gc.h	801FAD68	Tiger Woods PGA Tour 2005 (USA) (Disc 1)	no
path	c:/dev/Golf_2005/Tigercode/Code/Golf/GameMode/RealtimeMode.c	801FADF8	Tiger Woods PGA Tour 2005 (USA) (Disc 1)	no
path	../../../Golf/Lo-Rendering/Shader/ShaderObject/ShaderObjectCommon/Gc/Headers/GoShaderObjectCommon_DynamicRenderingBuffer_Gc.h	801FAE50	Tiger Woods PGA Tour 2005 (USA) (Disc 1)	no
path	../../../Golf/Lo-Rendering/Shader/ShaderObject/ShaderObjectCommon/Gc/Headers/GoShaderObjectCommon_DynamicRenderingBuffer_Gc.h	801FAF00	Tiger Woods PGA Tour 2005 (USA) (Disc 1)	no
path	../../../Golf/Lo-Rendering/Shader/ShaderObject/ShaderObjectCommon/Gc/Headers/GoShaderObjectCommon_DynamicRenderingBuffer_Gc.h	801FAFB0	Tiger Woods PGA Tour 2005 (USA) (Disc 1)	no
path	../../../Golf/SFX/Headers/SFX_GameInterface.h	801FB04C	Tiger Woods PGA Tour 2005 (USA) (Disc 1)	no
path	../../../Golf/Lo-Rendering/Shader/ShaderObject/ShaderObjectCommon/Gc/Headers/GoShaderObjectCommon_DynamicRenderingBuffer_Gc.h	801FB080	Tiger Woods PGA Tour 2005 (USA) (Disc 1)	no
path	../../../Golf/SFX/Headers/SFX_GameInterface.h	801FB11C	Tiger Woods PGA Tour 2005 (USA) (Disc 1)	no
path	../../../Golf/Lo-Rendering/Shader/ShaderObject/ShaderObjectCommon/Gc/Headers/GoShaderObjectCommon_DynamicRenderingBuffer_Gc.h	801FB170	Tiger Woods PGA Tour 2005 (USA) (Disc 1)	no
path	../../../Golf/SFX/Headers/SFX_GameInterface.h	801FB20C	Tiger Woods PGA Tour 2005 (USA) (Disc 1)	no
path	../../../Golf/Lo-Rendering/Shader/ShaderObject/ShaderObjectCommon/Gc/Headers/GoShaderObjectCommon_DynamicRenderingBuffer_Gc.h	801FB250	Tiger Woods PGA Tour 2005 (USA) (Disc 1)	no
path	../../../Golf/SFX/Headers/SFX_GameInterface.h	801FB2EC	Tiger Woods PGA Tour 2005 (USA) (Disc 1)	no
path	../../../Golf/Lo-Rendering/Shader/ShaderObject/ShaderObjectCommon/Gc/Headers/GoShaderObjectCommon_DynamicRenderingBuffer_Gc.h	801FB320	Tiger Woods PGA Tour 2005 (USA) (Disc 1)	no
path	../../../Golf/SFX/Headers/SFX_GameInterface.h	801FB3BC	Tiger Woods PGA Tour 2005 (USA) (Disc 1)	no
path	../../../Golf/Lo-Rendering/Shader/ShaderObject/ShaderObjectCommon/Gc/Headers/GoShaderObjectCommon_DynamicRenderingBuffer_Gc.h	801FB410	Tiger Woods PGA Tour 2005 (USA) (Disc 1)	no
path	../../../Golf/Lo-Rendering/Shader/ShaderObject/ShaderObjectCommon/Gc/Headers/GoShaderObjectCommon_DynamicRenderingBuffer_Gc.h	801FB4A8	Tiger Woods PGA Tour 2005 (USA) (Disc 1)	no
path	../../../Golf/Lo-Rendering/Shader/ShaderObject/ShaderObjectCommon/Gc/Headers/GoShaderObjectCommon_DynamicRenderingBuffer_Gc.h	801FB560	Tiger Woods PGA Tour 2005 (USA) (Disc 1)	no
path	../../../Golf/Lo-Rendering/Shader/ShaderObject/ShaderObjectCommon/Gc/Headers/GoShaderObjectCommon_DynamicRenderingBuffer_Gc.h	801FB604	Tiger Woods PGA Tour 2005 (USA) (Disc 1)	no
path	../../../Golf/Lo-Rendering/Shader/ShaderObject/ShaderObjectCommon/Gc/Headers/GoShaderObjectCommon_DynamicRenderingBuffer_Gc.h	801FB6A8	Tiger Woods PGA Tour 2005 (USA) (Disc 1)	no
path	../../../Golf/Lo-Rendering/Shader/ShaderObject/ShaderObjectCommon/Gc/Headers/GoShaderObjectCommon_DynamicRenderingBuffer_Gc.h	801FB760	Tiger Woods PGA Tour 2005 (USA) (Disc 1)	no
path	c:/dev/Golf_2005/Tigercode/Code/Golf/Filecom/parse.cpp	801FB874	Tiger Woods PGA Tour 2005 (USA) (Disc 1)	no
path	../../../Golf/Lo-Rendering/Shader/ShaderObject/ShaderObjectCommon/Gc/Headers/GoShaderObjectCommon_DynamicRenderingBuffer_Gc.h	801FB8D4	Tiger Woods PGA Tour 2005 (USA) (Disc 1)	no
name	COURSE_COLONIAL	801FB980	Tiger Woods PGA Tour 2005 (USA) (Disc 1)	no
name	COURSE_PEBBLE	801FB990	Tiger Woods PGA Tour 2005 (USA) (Disc 1)	no
name	COURSE_SAINTANDREWS	801FB9A0	Tiger Woods PGA Tour 2005 (USA) (Disc 1)	no
name	COURSE_JAPAN	801FB9C4	Tiger Woods PGA Tour 2005 (USA) (Disc 1)	no
name	COURSE_GREECE	801FB9D4	Tiger Woods PGA Tour 2005 (USA) (Disc 1)	no
name	COURSE_CARRIBBEAN	801FB9E4	Tiger Woods PGA Tour 2005 (USA) (Disc 1)	no
name	COURSE_COEUR	801FB9F8	Tiger Woods PGA Tour 2005 (USA) (Disc 1)	no
name	COURSE_SHERWOOD	801FBA08	Tiger Woods PGA Tour 2005 (USA) (Disc 1)	no
name	COURSE_HARBOUR	801FBA18	Tiger Woods PGA Tour 2005 (USA) (Disc 1)	no
name	COURSE_FANCOURT	801FBA28	Tiger Woods PGA Tour 2005 (USA) (Disc 1)	no
name	COURSE_TURNBERRY	801FBA38	Tiger Woods PGA Tour 2005 (USA) (Disc 1)	no
name	COURSE_TROON	801FBA4C	Tiger Woods PGA Tour 2005 (USA) (Disc 1)	no
name	COURSE_EDGEWOOD	801FBA5C	Tiger Woods PGA Tour 2005 (USA) (Disc 1)	no
path	../../../Golf/Lo-Rendering/Shader/ShaderObject/ShaderObjectCommon/Gc/Headers/GoShaderObjectCommon_DynamicRenderingBuffer_Gc.h	801FBA6C	Tiger Woods PGA Tour 2005 (USA) (Disc 1)	no
path	../../../Golf/Lo-Rendering/Shader/ShaderObject/ShaderObjectCommon/Gc/Headers/GoShaderObjectCommon_DynamicRenderingBuffer_Gc.h	801FBB0C	Tiger Woods PGA Tour 2005 (USA) (Disc 1)	no
path	../../../Golf/Lo-Rendering/Shader/ShaderObject/ShaderObjectCommon/Gc/Headers/GoShaderObjectCommon_DynamicRenderingBuffer_Gc.h	801FBBB0	Tiger Woods PGA Tour 2005 (USA) (Disc 1)	no
path	../../../Golf/Lo-Rendering/Shader/ShaderObject/ShaderObjectCommon/Gc/Headers/GoShaderObjectCommon_DynamicRenderingBuffer_Gc.h	801FBCF8	Tiger Woods PGA Tour 2005 (USA) (Disc 1)	no
path	../../../Golf/Lo-Rendering/Shader/ShaderObject/ShaderObjectCommon/Gc/Headers/GoShaderObjectCommon_DynamicRenderingBuffer_Gc.h	801FBDAC	Tiger Woods PGA Tour 2005 (USA) (Disc 1)	no
path	../../../Golf/Lo-Rendering/Shader/ShaderObject/ShaderObjectCommon/Gc/Headers/GoShaderObjectCommon_DynamicRenderingBuffer_Gc.h	801FBE60	Tiger Woods PGA Tour 2005 (USA) (Disc 1)	no
path	../../../Golf/SFX/Headers/SFX_GameInterface.h	801FBEFC	Tiger Woods PGA Tour 2005 (USA) (Disc 1)	no
path	c:/dev/Golf_2005/Tigercode/Code/Golf/Hi-Rendering/GoBreakLine.c	801FBF2C	Tiger Woods PGA Tour 2005 (USA) (Disc 1)	no
path	:c:/dev/Golf_2005/Tigercode/Code/Golf/Hi-Rendering/GoCamera.c	801FC1FF	Tiger Woods PGA Tour 2005 (USA) (Disc 1)	no
path	../../../Golf/Lo-Rendering/Shader/ShaderObject/ShaderObjectCommon/Gc/Headers/GoShaderObjectCommon_DynamicRenderingBuffer_Gc.h	801FC290	Tiger Woods PGA Tour 2005 (USA) (Disc 1)	no
path	../../../Golf/SFX/Headers/SFX_GameInterface.h	801FC32C	Tiger Woods PGA Tour 2005 (USA) (Disc 1)	no
path	c:/dev/Golf_2005/Tigercode/Code/Golf/Hi-Rendering/GoDynObj.c	801FC394	Tiger Woods PGA Tour 2005 (USA) (Disc 1)	no
path	c:/dev/Golf_2005/Tigercode/Code/Golf/Hi-Rendering/GoFrameBuf.c	801FC568	Tiger Woods PGA Tour 2005 (USA) (Disc 1)	no
path	../../../Golf/Lo-Rendering/Shader/ShaderObject/ShaderObjectCommon/Gc/Headers/GoShaderObjectCommon_DynamicRenderingBuffer_Gc.h	801FC5B8	Tiger Woods PGA Tour 2005 (USA) (Disc 1)	no
path	c:/dev/Golf_2005/Tigercode/Code/Golf/Hi-Rendering/GoGrass.c	801FC6A0	Tiger Woods PGA Tour 2005 (USA) (Disc 1)	no
path	../../../Golf/Lo-Rendering/Shader/ShaderObject/ShaderObjectCommon/Gc/Headers/GoShaderObjectCommon_DynamicRenderingBuffer_Gc.h	801FC820	Tiger Woods PGA Tour 2005 (USA) (Disc 1)	no
path	c:/dev/Golf_2005/Tigercode/Code/Golf/Hi-Rendering/GoGreenGrid.c	801FC8BC	Tiger Woods PGA Tour 2005 (USA) (Disc 1)	no
path	../../../Golf/Lo-Rendering/Shader/ShaderObject/ShaderObjectCommon/Gc/Headers/GoShaderObjectCommon_DynamicRenderingBuffer_Gc.h	801FC990	Tiger Woods PGA Tour 2005 (USA) (Disc 1)	no
path	../../../Golf/Lo-Rendering/Shader/ShaderObject/ShaderObjectCommon/Gc/Headers/GoShaderObjectCommon_DynamicRenderingBuffer_Gc.h	801FCA2C	Tiger Woods PGA Tour 2005 (USA) (Disc 1)	no
path	c:/dev/Golf_2005/Tigercode/Code/Golf/Hi-Rendering/GoLighting.c	801FCAC8	Tiger Woods PGA Tour 2005 (USA) (Disc 1)	no
path	../../../Golf/Lo-Rendering/Shader/ShaderObject/ShaderObjectCommon/Gc/Headers/GoShaderObjectCommon_DynamicRenderingBuffer_Gc.h	801FCB78	Tiger Woods PGA Tour 2005 (USA) (Disc 1)	no
path	../../../Golf/Lo-Rendering/Shader/ShaderObject/ShaderObjectCommon/Gc/Headers/GoShaderObjectCommon_DynamicRenderingBuffer_Gc.h	801FCC18	Tiger Woods PGA Tour 2005 (USA) (Disc 1)	no
path	../../../Golf/Lo-Rendering/Shader/ShaderObject/ShaderObjectCommon/Gc/Headers/GoShaderObjectCommon_DynamicRenderingBuffer_Gc.h	801FCDB0	Tiger Woods PGA Tour 2005 (USA) (Disc 1)	no
path	c:/dev/Golf_2005/Tigercode/Code/Golf/Hi-Rendering/GoPostFx.c	801FCE40	Tiger Woods PGA Tour 2005 (USA) (Disc 1)	no
path	../../../Golf/Lo-Rendering/Shader/ShaderObject/ShaderObjectCommon/Gc/Headers/GoShaderObjectCommon_DynamicRenderingBuffer_Gc.h	801FCF60	Tiger Woods PGA Tour 2005 (USA) (Disc 1)	no
path	../../../Golf/Lo-Rendering/Shader/ShaderObject/ShaderObjectCommon/Gc/Headers/GoShaderObjectCommon_DynamicRenderingBuffer_Gc.h	801FCFF0	Tiger Woods PGA Tour 2005 (USA) (Disc 1)	no
path	c:/dev/Golf_2005/Tigercode/Code/Golf/Hi-Rendering/GoTerrain.c	801FD08C	Tiger Woods PGA Tour 2005 (USA) (Disc 1)	no
message	viewing surface id %d	801FD174	Tiger Woods PGA Tour 2005 (USA) (Disc 1)	no
message	WARNING: Ter_ComputeLODBinCounts: DIVIDE BY ZERO OCCURING	801FD1D4	Tiger Woods PGA Tour 2005 (USA) (Disc 1)	no
path	../../../Golf/Lo-Rendering/Shader/ShaderObject/ShaderObjectCommon/Gc/Headers/GoShaderObjectCommon_DynamicRenderingBuffer_Gc.h	801FD418	Tiger Woods PGA Tour 2005 (USA) (Disc 1)	no
path	c:/dev/Golf_2005/Tigercode/Code/Golf/Hi-Rendering/GoTerrainCollision.c	801FD4C4	Tiger Woods PGA Tour 2005 (USA) (Disc 1)	no
path	../../../Golf/Lo-Rendering/Shader/ShaderObject/ShaderObjectCommon/Gc/Headers/GoShaderObjectCommon_DynamicRenderingBuffer_Gc.h	801FD708	Tiger Woods PGA Tour 2005 (USA) (Disc 1)	no
path	c:/dev/Golf_2005/Tigercode/Code/Golf/Hi-Rendering/GoTerrainTexComp.cpp	801FD798	Tiger Woods PGA Tour 2005 (USA) (Disc 1)	no
message	%sdata\%s\course.fxg	801FD824	Tiger Woods PGA Tour 2005 (USA) (Disc 1)	no
path	../../../Golf/Lo-Rendering/Shader/ShaderObject/ShaderObjectCommon/Gc/Headers/GoShaderObjectCommon_DynamicRenderingBuffer_Gc.h	801FD900	Tiger Woods PGA Tour 2005 (USA) (Disc 1)	no
path	../../../Golf/Lo-Rendering/Shader/ShaderObject/ShaderObjectCommon/Gc/Headers/GoShaderObjectCommon_DynamicRenderingBuffer_Gc.h	801FD9B8	Tiger Woods PGA Tour 2005 (USA) (Disc 1)	no
path	c:/dev/Golf_2005/Tigercode/Code/Golf/Hi-Rendering/GoViewport.c	801FDA54	Tiger Woods PGA Tour 2005 (USA) (Disc 1)	no
path	c:/dev/Golf_2005/Tigercode/Code/Golf/Hi-Rendering/Gc/GoRenderCtx_Gc.c	801FDAA0	Tiger Woods PGA Tour 2005 (USA) (Disc 1)	no
path	../../../Golf/Lo-Rendering/Shader/ShaderObject/ShaderObjectCommon/Gc/Headers/GoShaderObjectCommon_DynamicRenderingBuffer_Gc.h	801FDB34	Tiger Woods PGA Tour 2005 (USA) (Disc 1)	no
path	../../../Golf/SFX/Headers/SFX_GameInterface.h	801FDBD0	Tiger Woods PGA Tour 2005 (USA) (Disc 1)	no
path	c:/dev/Golf_2005/Tigercode/Code/Golf/Lo-Rendering/GoRenderSurface.c	801FDC00	Tiger Woods PGA Tour 2005 (USA) (Disc 1)	no
path	c:/dev/Golf_2005/Tigercode/Code/Golf/Lo-Rendering/Shader/Hardware/hwsBurn.c	801FDC44	Tiger Woods PGA Tour 2005 (USA) (Disc 1)	no
path	c:/dev/Golf_2005/Tigercode/Code/Golf/Lo-Rendering/Shader/Hardware/Ngc/hwsMaterial_Gc.c	801FDC90	Tiger Woods PGA Tour 2005 (USA) (Disc 1)	no
path	c:/dev/Golf_2005/Tigercode/Code/Golf/Lo-Rendering/Shader/Hardware/Ngc/hwsOverride_Gc.c	801FDD08	Tiger Woods PGA Tour 2005 (USA) (Disc 1)	no
path	../../../Golf/Lo-Rendering/Shader/ShaderObject/ShaderObjectCommon/Gc/Headers/GoShaderObjectCommon_DynamicRenderingBuffer_Gc.h	801FDD60	Tiger Woods PGA Tour 2005 (USA) (Disc 1)	no
path	c:/dev/Golf_2005/Tigercode/Code/Golf/Lo-Rendering/Shader/Hardware/Ngc/hwsRender_Gc.c	801FDDF0	Tiger Woods PGA Tour 2005 (USA) (Disc 1)	no
path	../../../Golf/Lo-Rendering/Shader/ShaderObject/ShaderObjectCommon/Gc/Headers/GoShaderObjectCommon_DynamicRenderingBuffer_Gc.h	801FDE68	Tiger Woods PGA Tour 2005 (USA) (Disc 1)	no
path	../../../Golf/Lo-Rendering/Shader/ShaderObject/ShaderObjectCommon/Gc/Headers/GoShaderObjectCommon_DynamicRenderingBuffer_Gc.h	801FDEE8	Tiger Woods PGA Tour 2005 (USA) (Disc 1)	no
path	../../../Golf/Lo-Rendering/Shader/ShaderObject/ShaderObjectCommon/Gc/Headers/GoShaderObjectCommon_DynamicRenderingBuffer_Gc.h	801FDF68	Tiger Woods PGA Tour 2005 (USA) (Disc 1)	no
path	../../../Golf/Lo-Rendering/Shader/ShaderObject/ShaderObjectCommon/Gc/Headers/GoShaderObjectCommon_DynamicRenderingBuffer_Gc.h	801FDFE8	Tiger Woods PGA Tour 2005 (USA) (Disc 1)	no
path	../../../Golf/Lo-Rendering/Shader/ShaderObject/ShaderObjectCommon/Gc/Headers/GoShaderObjectCommon_DynamicRenderingBuffer_Gc.h	801FE068	Tiger Woods PGA Tour 2005 (USA) (Disc 1)	no
path	../../../Golf/Lo-Rendering/Shader/ShaderObject/ShaderObjectCommon/Gc/Headers/GoShaderObjectCommon_DynamicRenderingBuffer_Gc.h	801FE0E8	Tiger Woods PGA Tour 2005 (USA) (Disc 1)	no
path	../../../Golf/Lo-Rendering/Shader/ShaderObject/ShaderObjectCommon/Gc/Headers/GoShaderObjectCommon_DynamicRenderingBuffer_Gc.h	801FE178	Tiger Woods PGA Tour 2005 (USA) (Disc 1)	no
path	../../../Golf/Lo-Rendering/Shader/ShaderObject/ShaderObjectCommon/Gc/Headers/GoShaderObjectCommon_DynamicRenderingBuffer_Gc.h	801FE1F8	Tiger Woods PGA Tour 2005 (USA) (Disc 1)	no
path	c:/dev/Golf_2005/Tigercode/Code/Golf/Lo-Rendering/Shader/ShaderObject/Gc/GoShaderObject_Glows_Gc.c	801FE278	Tiger Woods PGA Tour 2005 (USA) (Disc 1)	no
path	../../../Golf/Lo-Rendering/Shader/ShaderObject/ShaderObjectCommon/Gc/Headers/GoShaderObjectCommon_DynamicRenderingBuffer_Gc.h	801FE328	Tiger Woods PGA Tour 2005 (USA) (Disc 1)	no
path	c:/dev/Golf_2005/Tigercode/Code/Golf/Lo-Rendering/Shader/ShaderObject/Gc/GoShaderObject_Grass_Gc.c	801FE3B8	Tiger Woods PGA Tour 2005 (USA) (Disc 1)	no
path	../../../Golf/Lo-Rendering/Shader/ShaderObject/ShaderObjectCommon/Gc/Headers/GoShaderObjectCommon_DynamicRenderingBuffer_Gc.h	801FE450	Tiger Woods PGA Tour 2005 (USA) (Disc 1)	no
path	../../../Golf/Lo-Rendering/Shader/ShaderObject/ShaderObjectCommon/Gc/Headers/GoShaderObjectCommon_DynamicRenderingBuffer_Gc.h	801FE4DC	Tiger Woods PGA Tour 2005 (USA) (Disc 1)	no
path	../../../Golf/SFX/Headers/SFX_GameInterface.h	801FE56C	Tiger Woods PGA Tour 2005 (USA) (Disc 1)	no
path	../../../Golf/Lo-Rendering/Shader/ShaderObject/ShaderObjectCommon/Gc/Headers/GoShaderObjectCommon_DynamicRenderingBuffer_Gc.h	801FE600	Tiger Woods PGA Tour 2005 (USA) (Disc 1)	no
path	../../../Golf/Lo-Rendering/Shader/ShaderObject/ShaderObjectCommon/Gc/Headers/GoShaderObjectCommon_DynamicRenderingBuffer_Gc.h	801FE680	Tiger Woods PGA Tour 2005 (USA) (Disc 1)	no
path	../../../Golf/Lo-Rendering/Shader/ShaderObject/ShaderObjectCommon/Gc/Headers/GoShaderObjectCommon_DynamicRenderingBuffer_Gc.h	801FE710	Tiger Woods PGA Tour 2005 (USA) (Disc 1)	no
path	../../../Golf/Lo-Rendering/Shader/ShaderObject/ShaderObjectCommon/Gc/Headers/GoShaderObjectCommon_DynamicRenderingBuffer_Gc.h	801FE798	Tiger Woods PGA Tour 2005 (USA) (Disc 1)	no
path	../../../Golf/Lo-Rendering/Shader/ShaderObject/ShaderObjectCommon/Gc/Headers/GoShaderObjectCommon_DynamicRenderingBuffer_Gc.h	801FE828	Tiger Woods PGA Tour 2005 (USA) (Disc 1)	no
path	../../../Golf/Lo-Rendering/Shader/ShaderObject/ShaderObjectCommon/Gc/Headers/GoShaderObjectCommon_DynamicRenderingBuffer_Gc.h	801FE8B8	Tiger Woods PGA Tour 2005 (USA) (Disc 1)	no
path	../../../Golf/Lo-Rendering/Shader/ShaderObject/ShaderObjectCommon/Gc/Headers/GoShaderObjectCommon_DynamicRenderingBuffer_Gc.h	801FE948	Tiger Woods PGA Tour 2005 (USA) (Disc 1)	no
path	c:/dev/Golf_2005/Tigercode/Code/Golf/Lo-Rendering/Shader/ShaderObject/Gc/GoShaderObject_PrelitUVAnimation_Gc.c	801FE9D0	Tiger Woods PGA Tour 2005 (USA) (Disc 1)	no
path	../../../Golf/Lo-Rendering/Shader/ShaderObject/ShaderObjectCommon/Gc/Headers/GoShaderObjectCommon_DynamicRenderingBuffer_Gc.h	801FEA60	Tiger Woods PGA Tour 2005 (USA) (Disc 1)	no
path	c:/dev/Golf_2005/Tigercode/Code/Golf/Lo-Rendering/Shader/ShaderObject/Gc/GoShaderObject_Rain_Gc.c	801FEAF4	Tiger Woods PGA Tour 2005 (USA) (Disc 1)	no
path	../../../Golf/Lo-Rendering/Shader/ShaderObject/ShaderObjectCommon/Gc/Headers/GoShaderObjectCommon_DynamicRenderingBuffer_Gc.h	801FEBE0	Tiger Woods PGA Tour 2005 (USA) (Disc 1)	no
path	../../../Golf/Lo-Rendering/Shader/ShaderObject/ShaderObjectCommon/Gc/Headers/GoShaderObjectCommon_DynamicRenderingBuffer_Gc.h	801FEC60	Tiger Woods PGA Tour 2005 (USA) (Disc 1)	no
path	../../../Golf/Lo-Rendering/Shader/ShaderObject/ShaderObjectCommon/Gc/Headers/GoShaderObjectCommon_DynamicRenderingBuffer_Gc.h	801FECE0	Tiger Woods PGA Tour 2005 (USA) (Disc 1)	no
path	c:/dev/Golf_2005/Tigercode/Code/Golf/Lo-Rendering/Shader/ShaderObject/ShaderObjectCommon/Gc/Headers/GoShaderObjectCommon_DynamicRenderingBuffer_Gc.h	801FED60	Tiger Woods PGA Tour 2005 (USA) (Disc 1)	no
path	../../../Golf/Lo-Rendering/Shader/ShaderObject/ShaderObjectCommon/Gc/Headers/GoShaderObjectCommon_DynamicRenderingBuffer_Gc.h	801FEDF8	Tiger Woods PGA Tour 2005 (USA) (Disc 1)	no
path	c:/dev/Golf_2005/Tigercode/Code/Golf/Lo-Rendering/Shader/ShaderObject/ShaderObjectCommon/Gc/GoShaderObjectCommon_MorphAnimManager_Gc.c	801FEE88	Tiger Woods PGA Tour 2005 (USA) (Disc 1)	no
path	../../../Golf/Lo-Rendering/Shader/ShaderObject/ShaderObjectCommon/Gc/Headers/GoShaderObjectCommon_DynamicRenderingBuffer_Gc.h	801FEF30	Tiger Woods PGA Tour 2005 (USA) (Disc 1)	no
path	c:/dev/Golf_2005/Tigercode/Code/Golf/Lo-Rendering/Shader/ShaderObject/ShaderObjectCommon/Gc/GoShaderObjectCommon_ShaderObjectsData_Gc.c	801FEFB0	Tiger Woods PGA Tour 2005 (USA) (Disc 1)	no
path	../../../Golf/Lo-Rendering/Shader/ShaderObject/ShaderObjectCommon/Gc/Headers/GoShaderObjectCommon_DynamicRenderingBuffer_Gc.h	801FF058	Tiger Woods PGA Tour 2005 (USA) (Disc 1)	no
path	c:/dev/Golf_2005/Tigercode/Code/Golf/Lo-Rendering/Shader/ShaderObject/ShaderObjectCommon/Gc/GoShaderObjectCommon_TexAnimManager_Gc.c	801FF0E8	Tiger Woods PGA Tour 2005 (USA) (Disc 1)	no
path	../../../Golf/Lo-Rendering/Shader/ShaderObject/ShaderObjectCommon/Gc/Headers/GoShaderObjectCommon_DynamicRenderingBuffer_Gc.h	801FF188	Tiger Woods PGA Tour 2005 (USA) (Disc 1)	no
path	c:/dev/Golf_2005/Tigercode/Code/Golf/Lo-Rendering/Shader/ShaderObjectContainer/Gc/GoShaderObjectContainer_OBFData_Gc.c	801FF208	Tiger Woods PGA Tour 2005 (USA) (Disc 1)	no
path	../../../Golf/Lo-Rendering/Shader/ShaderObject/ShaderObjectCommon/Gc/Headers/GoShaderObjectCommon_DynamicRenderingBuffer_Gc.h	801FF280	Tiger Woods PGA Tour 2005 (USA) (Disc 1)	no
path	../../../Golf/Lo-Rendering/Shader/ShaderObject/ShaderObjectCommon/Gc/Headers/GoShaderObjectCommon_DynamicRenderingBuffer_Gc.h	801FF300	Tiger Woods PGA Tour 2005 (USA) (Disc 1)	no
path	c:/dev/Golf_2005/Tigercode/Code/Golf/Lo-Rendering/Shader/ShaderIterators/ShaderTextureIterator.cpp	801FF380	Tiger Woods PGA Tour 2005 (USA) (Disc 1)	no
path	../../../Golf/Lo-Rendering/Shader/ShaderObject/ShaderObjectCommon/Gc/Headers/GoShaderObjectCommon_DynamicRenderingBuffer_Gc.h	801FF3E4	Tiger Woods PGA Tour 2005 (USA) (Disc 1)	no
path	c:/dev/Golf_2005/Tigercode/Code/Golf/Localization/localization.c	801FF5D4	Tiger Woods PGA Tour 2005 (USA) (Disc 1)	no
path	../../../Golf/Lo-Rendering/Shader/ShaderObject/ShaderObjectCommon/Gc/Headers/GoShaderObjectCommon_DynamicRenderingBuffer_Gc.h	801FF650	Tiger Woods PGA Tour 2005 (USA) (Disc 1)	no
path	../../../Golf/Lo-Rendering/Shader/ShaderObject/ShaderObjectCommon/Gc/Headers/GoShaderObjectCommon_DynamicRenderingBuffer_Gc.h	801FF740	Tiger Woods PGA Tour 2005 (USA) (Disc 1)	no
path	../../../Golf/SFX/Headers/SFX_GameInterface.h	801FF7DC	Tiger Woods PGA Tour 2005 (USA) (Disc 1)	no
path	../../../Golf/Lo-Rendering/Shader/ShaderObject/ShaderObjectCommon/Gc/Headers/GoShaderObjectCommon_DynamicRenderingBuffer_Gc.h	801FF870	Tiger Woods PGA Tour 2005 (USA) (Disc 1)	no
name	END_OF_FILE	801FF96C	Tiger Woods PGA Tour 2005 (USA) (Disc 1)	yes
path	../../../Golf/Lo-Rendering/Shader/ShaderObject/ShaderObjectCommon/Gc/Headers/GoShaderObjectCommon_DynamicRenderingBuffer_Gc.h	801FF9D0	Tiger Woods PGA Tour 2005 (USA) (Disc 1)	no
name	R453DrTe	801FFACC	Tiger Woods PGA Tour 2005 (USA) (Disc 1)	yes
path	c:/dev/Golf_2005/Tigercode/Code/Golf/Memory Card/user.c	801FFB08	Tiger Woods PGA Tour 2005 (USA) (Disc 1)	no
message	USER%d	801FFC9C	Tiger Woods PGA Tour 2005 (USA) (Disc 1)	yes
message	Dummy %d	801FFCA4	Tiger Woods PGA Tour 2005 (USA) (Disc 1)	no
message	User %d	801FFCB0	Tiger Woods PGA Tour 2005 (USA) (Disc 1)	yes
name	NoName	801FFCB8	Tiger Woods PGA Tour 2005 (USA) (Disc 1)	yes
name	NoLogoName	801FFCC8	Tiger Woods PGA Tour 2005 (USA) (Disc 1)	yes
path	../../../Golf/Lo-Rendering/Shader/ShaderObject/ShaderObjectCommon/Gc/Headers/GoShaderObjectCommon_DynamicRenderingBuffer_Gc.h	801FFD10	Tiger Woods PGA Tour 2005 (USA) (Disc 1)	no
path	c:/dev/Golf_2005/Tigercode/Code/Golf/Memory Card/Gc/MC_Gc.c	801FFDA0	Tiger Woods PGA Tour 2005 (USA) (Disc 1)	no
path	../../../Golf/Lo-Rendering/Shader/ShaderObject/ShaderObjectCommon/Gc/Headers/GoShaderObjectCommon_DynamicRenderingBuffer_Gc.h	801FFE5C	Tiger Woods PGA Tour 2005 (USA) (Disc 1)	no
path	c:/dev/Golf_2005/Tigercode/Code/Golf/Misc/Gc/GoARAM.c	801FFEDC	Tiger Woods PGA Tour 2005 (USA) (Disc 1)	no
path	../../../Golf/Lo-Rendering/Shader/ShaderObject/ShaderObjectCommon/Gc/Headers/GoShaderObjectCommon_DynamicRenderingBuffer_Gc.h	801FFF14	Tiger Woods PGA Tour 2005 (USA) (Disc 1)	no
path	../../../Golf/SFX/Headers/SFX_GameInterface.h	801FFFB0	Tiger Woods PGA Tour 2005 (USA) (Disc 1)	no
path	c:/dev/Golf_2005/Tigercode/Code/Golf/Physics/MaterialTypes.c	801FFFE0	Tiger Woods PGA Tour 2005 (USA) (Disc 1)	no
path	../../../Golf/Lo-Rendering/Shader/ShaderObject/ShaderObjectCommon/Gc/Headers/GoShaderObjectCommon_DynamicRenderingBuffer_Gc.h	80200020	Tiger Woods PGA Tour 2005 (USA) (Disc 1)	no
path	../../../Golf/SFX/Headers/SFX_GameInterface.h	802000BC	Tiger Woods PGA Tour 2005 (USA) (Disc 1)	no
name	A6ffAh	80201EE0	Tiger Woods PGA Tour 2005 (USA) (Disc 1)	yes
path	../../../Golf/Lo-Rendering/Shader/ShaderObject/ShaderObjectCommon/Gc/Headers/GoShaderObjectCommon_DynamicRenderingBuffer_Gc.h	80202860	Tiger Woods PGA Tour 2005 (USA) (Disc 1)	no
path	../../../Golf/Lo-Rendering/Shader/ShaderObject/ShaderObjectCommon/Gc/Headers/GoShaderObjectCommon_DynamicRenderingBuffer_Gc.h	80202920	Tiger Woods PGA Tour 2005 (USA) (Disc 1)	no
path	c:/dev/Golf_2005/Tigercode/Code/Golf/Replay/Replay.c	802029BC	Tiger Woods PGA Tour 2005 (USA) (Disc 1)	no
path	../../../Golf/Lo-Rendering/Shader/ShaderObject/ShaderObjectCommon/Gc/Headers/GoShaderObjectCommon_DynamicRenderingBuffer_Gc.h	80202A08	Tiger Woods PGA Tour 2005 (USA) (Disc 1)	no
path	../../../Golf/Lo-Rendering/Shader/ShaderObject/ShaderObjectCommon/Gc/Headers/GoShaderObjectCommon_DynamicRenderingBuffer_Gc.h	80202AE8	Tiger Woods PGA Tour 2005 (USA) (Disc 1)	no
path	c:/dev/Golf_2005/Tigercode/Code/Golf/Sfx/ColGlow.c	80202B68	Tiger Woods PGA Tour 2005 (USA) (Disc 1)	no
path	../../../Golf/Lo-Rendering/Shader/ShaderObject/ShaderObjectCommon/Gc/Headers/GoShaderObjectCommon_DynamicRenderingBuffer_Gc.h	80202BB0	Tiger Woods PGA Tour 2005 (USA) (Disc 1)	no
path	../../../Golf/Lo-Rendering/Shader/ShaderObject/ShaderObjectCommon/Gc/Headers/GoShaderObjectCommon_DynamicRenderingBuffer_Gc.h	80202C9C	Tiger Woods PGA Tour 2005 (USA) (Disc 1)	no
path	../../../Golf/SFX/Headers/SFX_GameInterface.h	80202D2C	Tiger Woods PGA Tour 2005 (USA) (Disc 1)	no
path	../../../Golf/Lo-Rendering/Shader/ShaderObject/ShaderObjectCommon/Gc/Headers/GoShaderObjectCommon_DynamicRenderingBuffer_Gc.h	80202D88	Tiger Woods PGA Tour 2005 (USA) (Disc 1)	no
path	../../../Golf/SFX/Headers/SFX_GameInterface.h	80202E18	Tiger Woods PGA Tour 2005 (USA) (Disc 1)	no
path	../../../Golf/Lo-Rendering/Shader/ShaderObject/ShaderObjectCommon/Gc/Headers/GoShaderObjectCommon_DynamicRenderingBuffer_Gc.h	80202EA4	Tiger Woods PGA Tour 2005 (USA) (Disc 1)	no
path	../../../Golf/SFX/Headers/SFX_GameInterface.h	80202F34	Tiger Woods PGA Tour 2005 (USA) (Disc 1)	no
name	textureName	80202FD4	Tiger Woods PGA Tour 2005 (USA) (Disc 1)	no
name	maxParticles	80202FE8	Tiger Woods PGA Tour 2005 (USA) (Disc 1)	no
name	particleReservoir	80202FF8	Tiger Woods PGA Tour 2005 (USA) (Disc 1)	no
name	yawRotSpd	80203020	Tiger Woods PGA Tour 2005 (USA) (Disc 1)	no
name	pitchRotSpd	8020302C	Tiger Woods PGA Tour 2005 (USA) (Disc 1)	no
name	systSize	80203038	Tiger Woods PGA Tour 2005 (USA) (Disc 1)	no
name	offsetPosition	80203050	Tiger Woods PGA Tour 2005 (USA) (Disc 1)	no
name	minDispAngl	80203060	Tiger Woods PGA Tour 2005 (USA) (Disc 1)	no
name	diffDispAngl	8020306C	Tiger Woods PGA Tour 2005 (USA) (Disc 1)	no
name	minRadius	8020307C	Tiger Woods PGA Tour 2005 (USA) (Disc 1)	no
name	diffRadius	80203088	Tiger Woods PGA Tour 2005 (USA) (Disc 1)	no
name	RandomAlphaRange	80203094	Tiger Woods PGA Tour 2005 (USA) (Disc 1)	no
name	colorMixerBase	802030A8	Tiger Woods PGA Tour 2005 (USA) (Disc 1)	no
name	colorMixerRange	802030B8	Tiger Woods PGA Tour 2005 (USA) (Disc 1)	no
name	systemLifetime	802030C8	Tiger Woods PGA Tour 2005 (USA) (Disc 1)	no
name	partLifetime	802030D8	Tiger Woods PGA Tour 2005 (USA) (Disc 1)	no
name	burstPeriod	802030E8	Tiger Woods PGA Tour 2005 (USA) (Disc 1)	no
name	burstParticleCount	802030F4	Tiger Woods PGA Tour 2005 (USA) (Disc 1)	no
name	initialSize	80203108	Tiger Woods PGA Tour 2005 (USA) (Disc 1)	no
name	initSizeRang	80203114	Tiger Woods PGA Tour 2005 (USA) (Disc 1)	no
name	initialAngle	80203124	Tiger Woods PGA Tour 2005 (USA) (Disc 1)	no
name	angleLimit	80203134	Tiger Woods PGA Tour 2005 (USA) (Disc 1)	no
name	rotSpeed	80203140	Tiger Woods PGA Tour 2005 (USA) (Disc 1)	no
name	minVelocity	8020314C	Tiger Woods PGA Tour 2005 (USA) (Disc 1)	no
name	diffVelocity	80203158	Tiger Woods PGA Tour 2005 (USA) (Disc 1)	no
name	burstPeriodRange	80203168	Tiger Woods PGA Tour 2005 (USA) (Disc 1)	no
name	particleType	8020317C	Tiger Woods PGA Tour 2005 (USA) (Disc 1)	no
name	particleBounce	8020318C	Tiger Woods PGA Tour 2005 (USA) (Disc 1)	no
name	particleFriction	8020319C	Tiger Woods PGA Tour 2005 (USA) (Disc 1)	no
name	rotationAxis	802031B0	Tiger Woods PGA Tour 2005 (USA) (Disc 1)	no
name	particleFlags	802031C0	Tiger Woods PGA Tour 2005 (USA) (Disc 1)	no
name	uiRandomizeFirstFrameScale	802031E0	Tiger Woods PGA Tour 2005 (USA) (Disc 1)	no
name	uiAlphaTestValue	802031FC	Tiger Woods PGA Tour 2005 (USA) (Disc 1)	no
name	arcAngle	80203210	Tiger Woods PGA Tour 2005 (USA) (Disc 1)	no
name	AlphaInRate	8020321C	Tiger Woods PGA Tour 2005 (USA) (Disc 1)	no
name	AlphaIn0	80203228	Tiger Woods PGA Tour 2005 (USA) (Disc 1)	no
name	sizeChangeRate	80203294	Tiger Woods PGA Tour 2005 (USA) (Disc 1)	no
name	MaxSize	802032A4	Tiger Woods PGA Tour 2005 (USA) (Disc 1)	no
name	RotDrag	802032DC	Tiger Woods PGA Tour 2005 (USA) (Disc 1)	no
path	c:/dev/Golf_2005/Tigercode/Code/Golf/Sfx/Effect_ParticleSystem.c	80203380	Tiger Woods PGA Tour 2005 (USA) (Disc 1)	no
path	../../../Golf/Lo-Rendering/Shader/ShaderObject/ShaderObjectCommon/Gc/Headers/GoShaderObjectCommon_DynamicRenderingBuffer_Gc.h	80203444	Tiger Woods PGA Tour 2005 (USA) (Disc 1)	no
path	../../../Golf/SFX/Headers/SFX_GameInterface.h	802034D4	Tiger Woods PGA Tour 2005 (USA) (Disc 1)	no
message	Template Msg: '%s' -> (%f)	80203510	Tiger Woods PGA Tour 2005 (USA) (Disc 1)	no
path	../../../Golf/Lo-Rendering/Shader/ShaderObject/ShaderObjectCommon/Gc/Headers/GoShaderObjectCommon_DynamicRenderingBuffer_Gc.h	80203534	Tiger Woods PGA Tour 2005 (USA) (Disc 1)	no
path	../../../Golf/Lo-Rendering/Shader/ShaderObject/ShaderObjectCommon/Gc/Headers/GoShaderObjectCommon_DynamicRenderingBuffer_Gc.h	802035D0	Tiger Woods PGA Tour 2005 (USA) (Disc 1)	no
path	../../../Golf/SFX/Headers/SFX_GameInterface.h	8020366C	Tiger Woods PGA Tour 2005 (USA) (Disc 1)	no
name	SandSpray	802036A0	Tiger Woods PGA Tour 2005 (USA) (Disc 1)	no
name	RoughSpray	802036AC	Tiger Woods PGA Tour 2005 (USA) (Disc 1)	no
name	WaterSplash	802036B8	Tiger Woods PGA Tour 2005 (USA) (Disc 1)	no
name	SandSplash	802036C4	Tiger Woods PGA Tour 2005 (USA) (Disc 1)	no
name	DarkSandSplash	802036D0	Tiger Woods PGA Tour 2005 (USA) (Disc 1)	no
name	DustSplash	802036E0	Tiger Woods PGA Tour 2005 (USA) (Disc 1)	no
name	DarkSandSpray	802036EC	Tiger Woods PGA Tour 2005 (USA) (Disc 1)	no
name	BonusX2	80203708	Tiger Woods PGA Tour 2005 (USA) (Disc 1)	no
name	BonusX3	80203710	Tiger Woods PGA Tour 2005 (USA) (Disc 1)	no
name	BonusX4	80203718	Tiger Woods PGA Tour 2005 (USA) (Disc 1)	no
name	BonusX5	80203720	Tiger Woods PGA Tour 2005 (USA) (Disc 1)	no
name	TallRoughSpray	80203728	Tiger Woods PGA Tour 2005 (USA) (Disc 1)	no
name	BallExplosion1	80203738	Tiger Woods PGA Tour 2005 (USA) (Disc 1)	no
name	BallTrailSpecial	80203748	Tiger Woods PGA Tour 2005 (USA) (Disc 1)	no
name	BarkSplash	8020375C	Tiger Woods PGA Tour 2005 (USA) (Disc 1)	no
name	GreenSplash	80203768	Tiger Woods PGA Tour 2005 (USA) (Disc 1)	no
name	DivotDirtSpray	80203774	Tiger Woods PGA Tour 2005 (USA) (Disc 1)	no
name	GrassSprinkle	80203784	Tiger Woods PGA Tour 2005 (USA) (Disc 1)	no
path	c:/dev/Golf_2005/Tigercode/Code/Golf/Sfx/PsBallFx.c	80203794	Tiger Woods PGA Tour 2005 (USA) (Disc 1)	no
path	../../../Golf/Lo-Rendering/Shader/ShaderObject/ShaderObjectCommon/Gc/Headers/GoShaderObjectCommon_DynamicRenderingBuffer_Gc.h	8020385C	Tiger Woods PGA Tour 2005 (USA) (Disc 1)	no
path	c:/dev/Golf_2005/Tigercode/Code/Golf/Sfx/PsMgr.c	80203904	Tiger Woods PGA Tour 2005 (USA) (Disc 1)	no
path	../../../Golf/Lo-Rendering/Shader/ShaderObject/ShaderObjectCommon/Gc/Headers/GoShaderObjectCommon_DynamicRenderingBuffer_Gc.h	80203954	Tiger Woods PGA Tour 2005 (USA) (Disc 1)	no
path	../../../Golf/SFX/Headers/SFX_GameInterface.h	802039E4	Tiger Woods PGA Tour 2005 (USA) (Disc 1)	no
path	../../../Golf/Lo-Rendering/Shader/ShaderObject/ShaderObjectCommon/Gc/Headers/GoShaderObjectCommon_DynamicRenderingBuffer_Gc.h	80203A5C	Tiger Woods PGA Tour 2005 (USA) (Disc 1)	no
path	c:/dev/Golf_2005/Tigercode/Code/Golf/Sfx/Headers/SFX_GameInterface.h	80203AEC	Tiger Woods PGA Tour 2005 (USA) (Disc 1)	no
path	../../../Golf/Lo-Rendering/Shader/ShaderObject/ShaderObjectCommon/Gc/Headers/GoShaderObjectCommon_DynamicRenderingBuffer_Gc.h	80203B4C	Tiger Woods PGA Tour 2005 (USA) (Disc 1)	no
path	../../../Golf/SFX/Headers/SFX_GameInterface.h	80203BDC	Tiger Woods PGA Tour 2005 (USA) (Disc 1)	no
path	c:/dev/Golf_2005/Tigercode/Code/Golf/Sfx/SFXGlow.c	80203C28	Tiger Woods PGA Tour 2005 (USA) (Disc 1)	no
path	../../../Golf/Lo-Rendering/Shader/ShaderObject/ShaderObjectCommon/Gc/Headers/GoShaderObjectCommon_DynamicRenderingBuffer_Gc.h	80203C7C	Tiger Woods PGA Tour 2005 (USA) (Disc 1)	no
path	../../../Golf/SFX/Headers/SFX_GameInterface.h	80203D0C	Tiger Woods PGA Tour 2005 (USA) (Disc 1)	no
path	c:/dev/Golf_2005/Tigercode/Code/Golf/Sfx/SFXHub.c	80203D3C	Tiger Woods PGA Tour 2005 (USA) (Disc 1)	no
path	../../../Golf/Lo-Rendering/Shader/ShaderObject/ShaderObjectCommon/Gc/Headers/GoShaderObjectCommon_DynamicRenderingBuffer_Gc.h	80203F30	Tiger Woods PGA Tour 2005 (USA) (Disc 1)	no
path	c:/dev/Golf_2005/Tigercode/Code/Golf/Sfx/shadow.c	80203FD0	Tiger Woods PGA Tour 2005 (USA) (Disc 1)	no
path	../../../Golf/Lo-Rendering/Shader/ShaderObject/ShaderObjectCommon/Gc/Headers/GoShaderObjectCommon_DynamicRenderingBuffer_Gc.h	80204068	Tiger Woods PGA Tour 2005 (USA) (Disc 1)	no
path	c:/dev/Golf_2005/Tigercode/Code/Golf/Sfx/SunFlr.c	8020416C	Tiger Woods PGA Tour 2005 (USA) (Disc 1)	no
path	../../../Golf/Lo-Rendering/Shader/ShaderObject/ShaderObjectCommon/Gc/Headers/GoShaderObjectCommon_DynamicRenderingBuffer_Gc.h	802041D8	Tiger Woods PGA Tour 2005 (USA) (Disc 1)	no
path	../../../Golf/SFX/Headers/SFX_GameInterface.h	80204274	Tiger Woods PGA Tour 2005 (USA) (Disc 1)	no
path	../../../Golf/Lo-Rendering/Shader/ShaderObject/ShaderObjectCommon/Gc/Headers/GoShaderObjectCommon_DynamicRenderingBuffer_Gc.h	802042A8	Tiger Woods PGA Tour 2005 (USA) (Disc 1)	no
path	../../../Golf/Lo-Rendering/Shader/ShaderObject/ShaderObjectCommon/Gc/Headers/GoShaderObjectCommon_DynamicRenderingBuffer_Gc.h	80204380	Tiger Woods PGA Tour 2005 (USA) (Disc 1)	no
path	../../../Golf/Lo-Rendering/Shader/ShaderObject/ShaderObjectCommon/Gc/Headers/GoShaderObjectCommon_DynamicRenderingBuffer_Gc.h	80204420	Tiger Woods PGA Tour 2005 (USA) (Disc 1)	no
path	c:/dev/Golf_2005/Tigercode/Code/Golf/Sfx/Gc/SunFlr_Gc.c	802044B8	Tiger Woods PGA Tour 2005 (USA) (Disc 1)	no
path	../../../Golf/Lo-Rendering/Shader/ShaderObject/ShaderObjectCommon/Gc/Headers/GoShaderObjectCommon_DynamicRenderingBuffer_Gc.h	80204518	Tiger Woods PGA Tour 2005 (USA) (Disc 1)	no
path	../../../Golf/SitDev/Headers/Shared/SitDevSituation.h	802045A8	Tiger Woods PGA Tour 2005 (USA) (Disc 1)	no
path	../../../Golf/Lo-Rendering/Shader/ShaderObject/ShaderObjectCommon/Gc/Headers/GoShaderObjectCommon_DynamicRenderingBuffer_Gc.h	80204650	Tiger Woods PGA Tour 2005 (USA) (Disc 1)	no
path	../../../Golf/Lo-Rendering/Shader/ShaderObject/ShaderObjectCommon/Gc/Headers/GoShaderObjectCommon_DynamicRenderingBuffer_Gc.h	802046E0	Tiger Woods PGA Tour 2005 (USA) (Disc 1)	no
path	../../../Golf/SitDev/Headers/Shared/SitDevSituation.h	80204770	Tiger Woods PGA Tour 2005 (USA) (Disc 1)	no
path	c:/dev/Golf_2005/Tigercode/Code/Golf/SitDev/SitDevFile.c	802047EC	Tiger Woods PGA Tour 2005 (USA) (Disc 1)	no
path	../../../Golf/Lo-Rendering/Shader/ShaderObject/ShaderObjectCommon/Gc/Headers/GoShaderObjectCommon_DynamicRenderingBuffer_Gc.h	802048D0	Tiger Woods PGA Tour 2005 (USA) (Disc 1)	no
path	../../../Golf/SitDev/Headers/Shared/SitDevSituation.h	80204960	Tiger Woods PGA Tour 2005 (USA) (Disc 1)	no
path	../../../Golf/Lo-Rendering/Shader/ShaderObject/ShaderObjectCommon/Gc/Headers/GoShaderObjectCommon_DynamicRenderingBuffer_Gc.h	802049E0	Tiger Woods PGA Tour 2005 (USA) (Disc 1)	no
path	../../../Golf/SitDev/Headers/Shared/SitDevSituation.h	80204A70	Tiger Woods PGA Tour 2005 (USA) (Disc 1)	no
name	AnimEmot	80204B08	Tiger Woods PGA Tour 2005 (USA) (Disc 1)	no
name	SwitchClub	80204B7C	Tiger Woods PGA Tour 2005 (USA) (Disc 1)	no
name	ClubChoice	80204B88	Tiger Woods PGA Tour 2005 (USA) (Disc 1)	no
name	RandomComm	80204BB0	Tiger Woods PGA Tour 2005 (USA) (Disc 1)	no
path	../../../Golf/Lo-Rendering/Shader/ShaderObject/ShaderObjectCommon/Gc/Headers/GoShaderObjectCommon_DynamicRenderingBuffer_Gc.h	80204BC0	Tiger Woods PGA Tour 2005 (USA) (Disc 1)	no
path	../../../Golf/SitDev/Headers/Shared/SitDevSituation.h	80204C50	Tiger Woods PGA Tour 2005 (USA) (Disc 1)	no
path	../../../Golf/Lo-Rendering/Shader/ShaderObject/ShaderObjectCommon/Gc/Headers/GoShaderObjectCommon_DynamicRenderingBuffer_Gc.h	80204D10	Tiger Woods PGA Tour 2005 (USA) (Disc 1)	no
path	../../../Golf/SitDev/Headers/Shared/SitDevSituation.h	80204DA0	Tiger Woods PGA Tour 2005 (USA) (Disc 1)	no
path	../../../Golf/Lo-Rendering/Shader/ShaderObject/ShaderObjectCommon/Gc/Headers/GoShaderObjectCommon_DynamicRenderingBuffer_Gc.h	80204E20	Tiger Woods PGA Tour 2005 (USA) (Disc 1)	no
path	../../../Golf/SFX/Headers/SFX_GameInterface.h	80204EBC	Tiger Woods PGA Tour 2005 (USA) (Disc 1)	no
name	GloveOff	80204F0C	Tiger Woods PGA Tour 2005 (USA) (Disc 1)	yes
name	GloveOn	80204F18	Tiger Woods PGA Tour 2005 (USA) (Disc 1)	yes
path	../../../Golf/Lo-Rendering/Shader/ShaderObject/ShaderObjectCommon/Gc/Headers/GoShaderObjectCommon_DynamicRenderingBuffer_Gc.h	802050C0	Tiger Woods PGA Tour 2005 (USA) (Disc 1)	no
path	../../../Golf/Lo-Rendering/Shader/ShaderObject/ShaderObjectCommon/Gc/Headers/GoShaderObjectCommon_DynamicRenderingBuffer_Gc.h	80205150	Tiger Woods PGA Tour 2005 (USA) (Disc 1)	no
path	../../../Golf/Lo-Rendering/Shader/ShaderObject/ShaderObjectCommon/Gc/Headers/GoShaderObjectCommon_DynamicRenderingBuffer_Gc.h	802051E0	Tiger Woods PGA Tour 2005 (USA) (Disc 1)	no
message	data/Load/%sLoad%d.gcb	802055B0	Tiger Woods PGA Tour 2005 (USA) (Disc 1)	no
message	data/%s/	802055C8	Tiger Woods PGA Tour 2005 (USA) (Disc 1)	yes
path	../../../Golf/Lo-Rendering/Shader/ShaderObject/ShaderObjectCommon/Gc/Headers/GoShaderObjectCommon_DynamicRenderingBuffer_Gc.h	80205708	Tiger Woods PGA Tour 2005 (USA) (Disc 1)	no
message	%s - %s	802057BC	Tiger Woods PGA Tour 2005 (USA) (Disc 1)	yes
path	../../../Golf/Lo-Rendering/Shader/ShaderObject/ShaderObjectCommon/Gc/Headers/GoShaderObjectCommon_DynamicRenderingBuffer_Gc.h	802057C4	Tiger Woods PGA Tour 2005 (USA) (Disc 1)	no
path	../../../Golf/Lo-Rendering/Shader/ShaderObject/ShaderObjectCommon/Gc/Headers/GoShaderObjectCommon_DynamicRenderingBuffer_Gc.h	80205874	Tiger Woods PGA Tour 2005 (USA) (Disc 1)	no
message	WARNING: CrAP Asset name is longer than %d characters	80205904	Tiger Woods PGA Tour 2005 (USA) (Disc 1)	no
path	c:/dev/Golf_2005/Tigercode/Code/Golf/UI Core/FrontEnd/FE_CrAPDB.c	8020593C	Tiger Woods PGA Tour 2005 (USA) (Disc 1)	no
name	fwd_shaft	80205A0C	Tiger Woods PGA Tour 2005 (USA) (Disc 1)	yes
name	fwd_grip	80205A18	Tiger Woods PGA Tour 2005 (USA) (Disc 1)	yes
path	../../../Golf/Lo-Rendering/Shader/ShaderObject/ShaderObjectCommon/Gc/Headers/GoShaderObjectCommon_DynamicRenderingBuffer_Gc.h	80205A58	Tiger Woods PGA Tour 2005 (USA) (Disc 1)	no
name	tintmrhSkinColor	80205E08	Tiger Woods PGA Tour 2005 (USA) (Disc 1)	no
name	tintmrhSkinTemp	80205E1C	Tiger Woods PGA Tour 2005 (USA) (Disc 1)	no
path	c:/dev/Golf_2005/Tigercode/Code/Golf/UI Core/FrontEnd/FE_CrAPUtils.c	80205E3C	Tiger Woods PGA Tour 2005 (USA) (Disc 1)	no
path	../../../Golf/Lo-Rendering/Shader/ShaderObject/ShaderObjectCommon/Gc/Headers/GoShaderObjectCommon_DynamicRenderingBuffer_Gc.h	80205E88	Tiger Woods PGA Tour 2005 (USA) (Disc 1)	no
path	../../../Golf/Lo-Rendering/Shader/ShaderObject/ShaderObjectCommon/Gc/Headers/GoShaderObjectCommon_DynamicRenderingBuffer_Gc.h	80205F70	Tiger Woods PGA Tour 2005 (USA) (Disc 1)	no
path	../../../Golf/Lo-Rendering/Shader/ShaderObject/ShaderObjectCommon/Gc/Headers/GoShaderObjectCommon_DynamicRenderingBuffer_Gc.h	8020602C	Tiger Woods PGA Tour 2005 (USA) (Disc 1)	no
path	c:/dev/Golf_2005/Tigercode/Code/Golf/UI Core/FrontEnd/FE_LogoDesign.c	802060D0	Tiger Woods PGA Tour 2005 (USA) (Disc 1)	no
name	CustomLogo	80206118	Tiger Woods PGA Tour 2005 (USA) (Disc 1)	no
path	../../../Golf/Lo-Rendering/Shader/ShaderObject/ShaderObjectCommon/Gc/Headers/GoShaderObjectCommon_DynamicRenderingBuffer_Gc.h	80206140	Tiger Woods PGA Tour 2005 (USA) (Disc 1)	no
path	c:/dev/Golf_2005/Tigercode/Code/Golf/UI Core/FrontEnd/FE_Manager.c	80206234	Tiger Woods PGA Tour 2005 (USA) (Disc 1)	no
path	../../../Golf/Lo-Rendering/Shader/ShaderObject/ShaderObjectCommon/Gc/Headers/GoShaderObjectCommon_DynamicRenderingBuffer_Gc.h	80206298	Tiger Woods PGA Tour 2005 (USA) (Disc 1)	no
message	data/movies/%s.%s	80206334	Tiger Woods PGA Tour 2005 (USA) (Disc 1)	yes
message	data/movies/%s/%s.%s	8020634C	Tiger Woods PGA Tour 2005 (USA) (Disc 1)	yes
message	%sINTRO	802063CC	Tiger Woods PGA Tour 2005 (USA) (Disc 1)	no
path	../../../Golf/Lo-Rendering/Shader/ShaderObject/ShaderObjectCommon/Gc/Headers/GoShaderObjectCommon_DynamicRenderingBuffer_Gc.h	80206410	Tiger Woods PGA Tour 2005 (USA) (Disc 1)	no
path	../../../Golf/Lo-Rendering/Shader/ShaderObject/ShaderObjectCommon/Gc/Headers/GoShaderObjectCommon_DynamicRenderingBuffer_Gc.h	802064A0	Tiger Woods PGA Tour 2005 (USA) (Disc 1)	no
path	c:/dev/Golf_2005/Tigercode/Code/Golf/UI Core/FrontEnd/FE_PlayNow.c	8020653C	Tiger Woods PGA Tour 2005 (USA) (Disc 1)	no
path	../../../Golf/Lo-Rendering/Shader/ShaderObject/ShaderObjectCommon/Gc/Headers/GoShaderObjectCommon_DynamicRenderingBuffer_Gc.h	80206580	Tiger Woods PGA Tour 2005 (USA) (Disc 1)	no
message	%s yds	80206624	Tiger Woods PGA Tour 2005 (USA) (Disc 1)	yes
path	../../../Golf/Lo-Rendering/Shader/ShaderObject/ShaderObjectCommon/Gc/Headers/GoShaderObjectCommon_DynamicRenderingBuffer_Gc.h	80206640	Tiger Woods PGA Tour 2005 (USA) (Disc 1)	no
path	c:/dev/Golf_2005/Tigercode/Code/Golf/UI Core/FrontEnd/FE_UserMgr.c	802066DC	Tiger Woods PGA Tour 2005 (USA) (Disc 1)	no
path	../../../Golf/Lo-Rendering/Shader/ShaderObject/ShaderObjectCommon/Gc/Headers/GoShaderObjectCommon_DynamicRenderingBuffer_Gc.h	80206720	Tiger Woods PGA Tour 2005 (USA) (Disc 1)	no
path	c:/dev/Golf_2005/Tigercode/Code/Golf/UI Core/FrontEnd/Gc/SwapDisc.c	802067C8	Tiger Woods PGA Tour 2005 (USA) (Disc 1)	no
message	data\%s	8020680C	Tiger Woods PGA Tour 2005 (USA) (Disc 1)	yes
path	../../../Golf/Lo-Rendering/Shader/ShaderObject/ShaderObjectCommon/Gc/Headers/GoShaderObjectCommon_DynamicRenderingBuffer_Gc.h	80206830	Tiger Woods PGA Tour 2005 (USA) (Disc 1)	no
path	../../../Golf/Lo-Rendering/Shader/ShaderObject/ShaderObjectCommon/Gc/Headers/GoShaderObjectCommon_DynamicRenderingBuffer_Gc.h	80206950	Tiger Woods PGA Tour 2005 (USA) (Disc 1)	no
message	%s "%s" %s	802069F0	Tiger Woods PGA Tour 2005 (USA) (Disc 1)	yes
message	USER%d	80206B44	Tiger Woods PGA Tour 2005 (USA) (Disc 1)	yes
path	../../../Golf/Lo-Rendering/Shader/ShaderObject/ShaderObjectCommon/Gc/Headers/GoShaderObjectCommon_DynamicRenderingBuffer_Gc.h	80207298	Tiger Woods PGA Tour 2005 (USA) (Disc 1)	no
path	../../../Golf/Lo-Rendering/Shader/ShaderObject/ShaderObjectCommon/Gc/Headers/GoShaderObjectCommon_DynamicRenderingBuffer_Gc.h	8020733C	Tiger Woods PGA Tour 2005 (USA) (Disc 1)	no
message	%s - %s	802073E8	Tiger Woods PGA Tour 2005 (USA) (Disc 1)	yes
path	c:/dev/Golf_2005/Tigercode/Code/Golf/UI Core/FrontEnd/GameMessages/FE_PGATourMessages.c	802073F4	Tiger Woods PGA Tour 2005 (USA) (Disc 1)	no
path	../../../Golf/Lo-Rendering/Shader/ShaderObject/ShaderObjectCommon/Gc/Headers/GoShaderObjectCommon_DynamicRenderingBuffer_Gc.h	80207454	Tiger Woods PGA Tour 2005 (USA) (Disc 1)	no
path	../../../Golf/Lo-Rendering/Shader/ShaderObject/ShaderObjectCommon/Gc/Headers/GoShaderObjectCommon_DynamicRenderingBuffer_Gc.h	802074F0	Tiger Woods PGA Tour 2005 (USA) (Disc 1)	no
message	trophy name %d %d	802075A0	Tiger Woods PGA Tour 2005 (USA) (Disc 1)	yes
message	date %d %d	802075B4	Tiger Woods PGA Tour 2005 (USA) (Disc 1)	yes
path	../../../Golf/Lo-Rendering/Shader/ShaderObject/ShaderObjectCommon/Gc/Headers/GoShaderObjectCommon_DynamicRenderingBuffer_Gc.h	80207658	Tiger Woods PGA Tour 2005 (USA) (Disc 1)	no
path	../../../Golf/Lo-Rendering/Shader/ShaderObject/ShaderObjectCommon/Gc/Headers/GoShaderObjectCommon_DynamicRenderingBuffer_Gc.h	80207860	Tiger Woods PGA Tour 2005 (USA) (Disc 1)	no
path	c:/dev/Golf_2005/Tigercode/Code/Golf/UI Core/Startup/startUp.c	802078F0	Tiger Woods PGA Tour 2005 (USA) (Disc 1)	no
path	../../../Golf/Lo-Rendering/Shader/ShaderObject/ShaderObjectCommon/Gc/Headers/GoShaderObjectCommon_DynamicRenderingBuffer_Gc.h	80207930	Tiger Woods PGA Tour 2005 (USA) (Disc 1)	no
path	../../../Golf/Lo-Rendering/Shader/ShaderObject/ShaderObjectCommon/Gc/Headers/GoShaderObjectCommon_DynamicRenderingBuffer_Gc.h	802079C0	Tiger Woods PGA Tour 2005 (USA) (Disc 1)	no
path	c:/dev/Golf_2005/Tigercode/Code/Golf/UI Core/iStudio Runtime/FEgolferanim.c	80207C38	Tiger Woods PGA Tour 2005 (USA) (Disc 1)	no
path	../../../Golf/Lo-Rendering/Shader/ShaderObject/ShaderObjectCommon/Gc/Headers/GoShaderObjectCommon_DynamicRenderingBuffer_Gc.h	80207EB0	Tiger Woods PGA Tour 2005 (USA) (Disc 1)	no
path	../../../Golf/Lo-Rendering/Shader/ShaderObject/ShaderObjectCommon/Gc/Headers/GoShaderObjectCommon_DynamicRenderingBuffer_Gc.h	80207F70	Tiger Woods PGA Tour 2005 (USA) (Disc 1)	no
path	c:/dev/Golf_2005/Tigercode/Code/Golf/UI Core/iStudio Runtime/FETextureMgr.c	80208000	Tiger Woods PGA Tour 2005 (USA) (Disc 1)	no
path	../../../Golf/Lo-Rendering/Shader/ShaderObject/ShaderObjectCommon/Gc/Headers/GoShaderObjectCommon_DynamicRenderingBuffer_Gc.h	80208088	Tiger Woods PGA Tour 2005 (USA) (Disc 1)	no
path	c:/dev/Golf_2005/Tigercode/Code/Golf/UI Core/iStudio Runtime/UI_LibraryResource.cpp	80208118	Tiger Woods PGA Tour 2005 (USA) (Disc 1)	no
path	../../../Golf/Lo-Rendering/Shader/ShaderObject/ShaderObjectCommon/Gc/Headers/GoShaderObjectCommon_DynamicRenderingBuffer_Gc.h	8020816C	Tiger Woods PGA Tour 2005 (USA) (Disc 1)	no
path	c:/dev/Golf_2005/Tigercode/Code/Golf/UI Core/iStudio Runtime/UI_ScreenResource.cpp	802081FC	Tiger Woods PGA Tour 2005 (USA) (Disc 1)	no
path	../../../Golf/Lo-Rendering/Shader/ShaderObject/ShaderObjectCommon/Gc/Headers/GoShaderObjectCommon_DynamicRenderingBuffer_Gc.h	8020825C	Tiger Woods PGA Tour 2005 (USA) (Disc 1)	no
message	WARNING: Trying to access out of bounds track %d, max %d	802082EC	Tiger Woods PGA Tour 2005 (USA) (Disc 1)	no
path	../../../Golf/Lo-Rendering/Shader/ShaderObject/ShaderObjectCommon/Gc/Headers/GoShaderObjectCommon_DynamicRenderingBuffer_Gc.h	80208380	Tiger Woods PGA Tour 2005 (USA) (Disc 1)	no
path	../../../Golf/Lo-Rendering/Shader/ShaderObject/ShaderObjectCommon/Gc/Headers/GoShaderObjectCommon_DynamicRenderingBuffer_Gc.h	8020841C	Tiger Woods PGA Tour 2005 (USA) (Disc 1)	no
path	../../../Golf/Lo-Rendering/Shader/ShaderObject/ShaderObjectCommon/Gc/Headers/GoShaderObjectCommon_DynamicRenderingBuffer_Gc.h	802084C8	Tiger Woods PGA Tour 2005 (USA) (Disc 1)	no
path	../../../Golf/Lo-Rendering/Shader/ShaderObject/ShaderObjectCommon/Gc/Headers/GoShaderObjectCommon_DynamicRenderingBuffer_Gc.h	802086A4	Tiger Woods PGA Tour 2005 (USA) (Disc 1)	no
path	../../../Golf/SFX/Headers/SFX_GameInterface.h	80208734	Tiger Woods PGA Tour 2005 (USA) (Disc 1)	no
message	Warning: UI_ProcessIS_TIB_CUSTOMDRAW has unhandled message %d	80208764	Tiger Woods PGA Tour 2005 (USA) (Disc 1)	no
path	../../../Golf/Lo-Rendering/Shader/ShaderObject/ShaderObjectCommon/Gc/Headers/GoShaderObjectCommon_DynamicRenderingBuffer_Gc.h	80208848	Tiger Woods PGA Tour 2005 (USA) (Disc 1)	no
path	c:/dev/Golf_2005/Tigercode/Code/Golf/UI Core/iStudio Runtime/uiProcessInterface.c	80208908	Tiger Woods PGA Tour 2005 (USA) (Disc 1)	no
path	../../../Golf/Lo-Rendering/Shader/ShaderObject/ShaderObjectCommon/Gc/Headers/GoShaderObjectCommon_DynamicRenderingBuffer_Gc.h	802089C0	Tiger Woods PGA Tour 2005 (USA) (Disc 1)	no
path	../../../Golf/Lo-Rendering/Shader/ShaderObject/ShaderObjectCommon/Gc/Headers/GoShaderObjectCommon_DynamicRenderingBuffer_Gc.h	80208B4C	Tiger Woods PGA Tour 2005 (USA) (Disc 1)	no
path	c:/dev/Golf_2005/Tigercode/Code/Golf/UI Core/iStudio Runtime/uiTransform.c	80208C68	Tiger Woods PGA Tour 2005 (USA) (Disc 1)	no
path	../../../Golf/Lo-Rendering/Shader/ShaderObject/ShaderObjectCommon/Gc/Headers/GoShaderObjectCommon_DynamicRenderingBuffer_Gc.h	80208CBC	Tiger Woods PGA Tour 2005 (USA) (Disc 1)	no
path	c:/dev/Golf_2005/Tigercode/Code/Golf/UI Core/Common/UI_MemoryCard.cpp	80208D58	Tiger Woods PGA Tour 2005 (USA) (Disc 1)	no
path	../../../Golf/Lo-Rendering/Shader/ShaderObject/ShaderObjectCommon/Gc/Headers/GoShaderObjectCommon_DynamicRenderingBuffer_Gc.h	80208DBC	Tiger Woods PGA Tour 2005 (USA) (Disc 1)	no
path	../../../Golf/Lo-Rendering/Shader/ShaderObject/ShaderObjectCommon/Gc/Headers/GoShaderObjectCommon_DynamicRenderingBuffer_Gc.h	80208E3C	Tiger Woods PGA Tour 2005 (USA) (Disc 1)	no
message	%s %s.	80208EE4	Tiger Woods PGA Tour 2005 (USA) (Disc 1)	no
path	../../../Golf/Lo-Rendering/Shader/ShaderObject/ShaderObjectCommon/Gc/Headers/GoShaderObjectCommon_DynamicRenderingBuffer_Gc.h	80208F00	Tiger Woods PGA Tour 2005 (USA) (Disc 1)	no
message	%sData/Misc/Signat.sig	80208F9C	Tiger Woods PGA Tour 2005 (USA) (Disc 1)	no
path	../../../Golf/Lo-Rendering/Shader/ShaderObject/ShaderObjectCommon/Gc/Headers/GoShaderObjectCommon_DynamicRenderingBuffer_Gc.h	80208FC4	Tiger Woods PGA Tour 2005 (USA) (Disc 1)	no
path	../../../Golf/SFX/Headers/SFX_GameInterface.h	80209054	Tiger Woods PGA Tour 2005 (USA) (Disc 1)	no
path	c:/dev/Golf_2005/Tigercode/Code/Golf/Actors/VisualEntity.c	802090A0	Tiger Woods PGA Tour 2005 (USA) (Disc 1)	no
path	../../../Golf/Lo-Rendering/Shader/ShaderObject/ShaderObjectCommon/Gc/Headers/GoShaderObjectCommon_DynamicRenderingBuffer_Gc.h	802090E0	Tiger Woods PGA Tour 2005 (USA) (Disc 1)	no
path	c:/dev/Golf_2005/Tigercode/Code/Golf/Animation/AnimBlender.c	80209170	Tiger Woods PGA Tour 2005 (USA) (Disc 1)	no
path	../../../Golf/Lo-Rendering/Shader/ShaderObject/ShaderObjectCommon/Gc/Headers/GoShaderObjectCommon_DynamicRenderingBuffer_Gc.h	80209248	Tiger Woods PGA Tour 2005 (USA) (Disc 1)	no
path	../../../Golf/Lo-Rendering/Shader/ShaderObject/ShaderObjectCommon/Gc/Headers/GoShaderObjectCommon_DynamicRenderingBuffer_Gc.h	802092D8	Tiger Woods PGA Tour 2005 (USA) (Disc 1)	no
path	c:/dev/Golf_2005/Tigercode/Code/Golf/Animation/char.c	802094D0	Tiger Woods PGA Tour 2005 (USA) (Disc 1)	no
message	%sdata\Char\CharStrm\CharTex\%02dalltex.fxg	80209528	Tiger Woods PGA Tour 2005 (USA) (Disc 1)	no
name	mrhHdFreck	80209804	Tiger Woods PGA Tour 2005 (USA) (Disc 1)	no
name	mrhFcFreck	80209810	Tiger Woods PGA Tour 2005 (USA) (Disc 1)	no
name	frhHdFreck	8020981C	Tiger Woods PGA Tour 2005 (USA) (Disc 1)	no
name	mrhNkFreck	80209828	Tiger Woods PGA Tour 2005 (USA) (Disc 1)	no
name	frhNkFreck	80209834	Tiger Woods PGA Tour 2005 (USA) (Disc 1)	no
path	../../../Golf/Lo-Rendering/Shader/ShaderObject/ShaderObjectCommon/Gc/Headers/GoShaderObjectCommon_DynamicRenderingBuffer_Gc.h	80209870	Tiger Woods PGA Tour 2005 (USA) (Disc 1)	no
path	c:/dev/Golf_2005/Tigercode/Code/Golf/Animation/char_lighting.cpp	80209998	Tiger Woods PGA Tour 2005 (USA) (Disc 1)	no
path	../../../Golf/Lo-Rendering/Shader/ShaderObject/ShaderObjectCommon/Gc/Headers/GoShaderObjectCommon_DynamicRenderingBuffer_Gc.h	80209A10	Tiger Woods PGA Tour 2005 (USA) (Disc 1)	no
path	../../../Golf/Lo-Rendering/Shader/ShaderObject/ShaderObjectCommon/Gc/Headers/GoShaderObjectCommon_DynamicRenderingBuffer_Gc.h	80209AAC	Tiger Woods PGA Tour 2005 (USA) (Disc 1)	no
message	ERROR: Could not get anim by name %s, trying state.	80209B90	Tiger Woods PGA Tour 2005 (USA) (Disc 1)	no
path	../../../Golf/Lo-Rendering/Shader/ShaderObject/ShaderObjectCommon/Gc/Headers/GoShaderObjectCommon_DynamicRenderingBuffer_Gc.h	80209CB4	Tiger Woods PGA Tour 2005 (USA) (Disc 1)	no
message	%sdata\Char\CharStrm\CharTex\%02dalltex.fxg	80209D5C	Tiger Woods PGA Tour 2005 (USA) (Disc 1)	no
path	c:/dev/Golf_2005/Tigercode/Code/Golf/Animation/char_tex_manager.c	80209D8C	Tiger Woods PGA Tour 2005 (USA) (Disc 1)	no
path	../../../Golf/Lo-Rendering/Shader/ShaderObject/ShaderObjectCommon/Gc/Headers/GoShaderObjectCommon_DynamicRenderingBuffer_Gc.h	80209DFC	Tiger Woods PGA Tour 2005 (USA) (Disc 1)	no
name	EyeScale	80209E7C	Tiger Woods PGA Tour 2005 (USA) (Disc 1)	no
name	eyeScale	80209E88	Tiger Woods PGA Tour 2005 (USA) (Disc 1)	no
name	GloveSwap	80209E94	Tiger Woods PGA Tour 2005 (USA) (Disc 1)	no
name	PantsFlap	80209EA8	Tiger Woods PGA Tour 2005 (USA) (Disc 1)	no
name	SleeveFlap	80209EB4	Tiger Woods PGA Tour 2005 (USA) (Disc 1)	no
name	SleeveDrop	80209EC0	Tiger Woods PGA Tour 2005 (USA) (Disc 1)	no
name	BreastAnimRate	80209ECC	Tiger Woods PGA Tour 2005 (USA) (Disc 1)	no
name	HairAnimRate	80209EDC	Tiger Woods PGA Tour 2005 (USA) (Disc 1)	no
name	HeightScale	80209EEC	Tiger Woods PGA Tour 2005 (USA) (Disc 1)	no
name	FillRight	80209FA8	Tiger Woods PGA Tour 2005 (USA) (Disc 1)	no
name	FillLeft	80209FB4	Tiger Woods PGA Tour 2005 (USA) (Disc 1)	no
name	KeySpec	80209FC4	Tiger Woods PGA Tour 2005 (USA) (Disc 1)	no
path	../../../Golf/Lo-Rendering/Shader/ShaderObject/ShaderObjectCommon/Gc/Headers/GoShaderObjectCommon_DynamicRenderingBuffer_Gc.h	80209FF4	Tiger Woods PGA Tour 2005 (USA) (Disc 1)	no
path	c:/dev/Golf_2005/Tigercode/Code/Golf/Animation/CharPart.c	8020A1A4	Tiger Woods PGA Tour 2005 (USA) (Disc 1)	no
path	../../../Golf/Lo-Rendering/Shader/ShaderObject/ShaderObjectCommon/Gc/Headers/GoShaderObjectCommon_DynamicRenderingBuffer_Gc.h	8020A1EC	Tiger Woods PGA Tour 2005 (USA) (Disc 1)	no
path	c:/dev/Golf_2005/Tigercode/Code/Golf/Animation/CharSkyConditionTable.cpp	8020A300	Tiger Woods PGA Tour 2005 (USA) (Disc 1)	no
path	../../../Golf/Lo-Rendering/Shader/ShaderObject/ShaderObjectCommon/Gc/Headers/GoShaderObjectCommon_DynamicRenderingBuffer_Gc.h	8020A350	Tiger Woods PGA Tour 2005 (USA) (Disc 1)	no
path	c:/dev/Golf_2005/Tigercode/Code/Golf/Animation/CharSliders.c	8020A3D0	Tiger Woods PGA Tour 2005 (USA) (Disc 1)	no
name	ALL_BONES	8020A444	Tiger Woods PGA Tour 2005 (USA) (Disc 1)	no
path	c:/dev/Golf_2005/Tigercode/Code/Golf/Animation/CharTimeOfDayTable.cpp	8020A4B8	Tiger Woods PGA Tour 2005 (USA) (Disc 1)	no
path	c:/dev/Golf_2005/Tigercode/Code/Golf/Animation/Decompress.c	8020A544	Tiger Woods PGA Tour 2005 (USA) (Disc 1)	no
path	../../../Golf/Lo-Rendering/Shader/ShaderObject/ShaderObjectCommon/Gc/Headers/GoShaderObjectCommon_DynamicRenderingBuffer_Gc.h	8020A9F8	Tiger Woods PGA Tour 2005 (USA) (Disc 1)	no
path	c:/dev/Golf_2005/Tigercode/Code/Golf/Animation/DynChain.c	8020AA88	Tiger Woods PGA Tour 2005 (USA) (Disc 1)	no
path	../../../Golf/Lo-Rendering/Shader/ShaderObject/ShaderObjectCommon/Gc/Headers/GoShaderObjectCommon_DynamicRenderingBuffer_Gc.h	8020ACC8	Tiger Woods PGA Tour 2005 (USA) (Disc 1)	no
name	tintmrhSkinTemp	8020AD4C	Tiger Woods PGA Tour 2005 (USA) (Disc 1)	no
name	tintmrhSkinColor	8020ADB4	Tiger Woods PGA Tour 2005 (USA) (Disc 1)	no
path	../../../Golf/Lo-Rendering/Shader/ShaderObject/ShaderObjectCommon/Gc/Headers/GoShaderObjectCommon_DynamicRenderingBuffer_Gc.h	8020ADF0	Tiger Woods PGA Tour 2005 (USA) (Disc 1)	no
path	../../../Golf/Lo-Rendering/Shader/ShaderObject/ShaderObjectCommon/Gc/Headers/GoShaderObjectCommon_DynamicRenderingBuffer_Gc.h	8020AE90	Tiger Woods PGA Tour 2005 (USA) (Disc 1)	no
path	c:/dev/Golf_2005/Tigercode/Code/Golf/Animation/MTA.c	8020AF20	Tiger Woods PGA Tour 2005 (USA) (Disc 1)	no
path	../../../Golf/Lo-Rendering/Shader/ShaderObject/ShaderObjectCommon/Gc/Headers/GoShaderObjectCommon_DynamicRenderingBuffer_Gc.h	8020B058	Tiger Woods PGA Tour 2005 (USA) (Disc 1)	no
path	c:/dev/Golf_2005/Tigercode/Code/Golf/Animation/mtalib.c	8020B11C	Tiger Woods PGA Tour 2005 (USA) (Disc 1)	no
path	../../../Golf/Lo-Rendering/Shader/ShaderObject/ShaderObjectCommon/Gc/Headers/GoShaderObjectCommon_DynamicRenderingBuffer_Gc.h	8020B1AC	Tiger Woods PGA Tour 2005 (USA) (Disc 1)	no
path	c:/dev/Golf_2005/Tigercode/Code/Golf/Animation/salload.c	8020B23C	Tiger Woods PGA Tour 2005 (USA) (Disc 1)	no
path	../../../Golf/Lo-Rendering/Shader/ShaderObject/ShaderObjectCommon/Gc/Headers/GoShaderObjectCommon_DynamicRenderingBuffer_Gc.h	8020B2B8	Tiger Woods PGA Tour 2005 (USA) (Disc 1)	no
path	c:/dev/Golf_2005/Tigercode/Code/Golf/Animation/SKA.c	8020B59C	Tiger Woods PGA Tour 2005 (USA) (Disc 1)	no
path	../../../Golf/Lo-Rendering/Shader/ShaderObject/ShaderObjectCommon/Gc/Headers/GoShaderObjectCommon_DynamicRenderingBuffer_Gc.h	8020B600	Tiger Woods PGA Tour 2005 (USA) (Disc 1)	no
name	JustMissed	8020BAA0	Tiger Woods PGA Tour 2005 (USA) (Disc 1)	no
message	%s%s%s.%s	8020BBF0	Tiger Woods PGA Tour 2005 (USA) (Disc 1)	no
path	c:/dev/Golf_2005/Tigercode/Code/Golf/Animation/SKA_util.c	8020BC04	Tiger Woods PGA Tour 2005 (USA) (Disc 1)	no
path	../../../Golf/Lo-Rendering/Shader/ShaderObject/ShaderObjectCommon/Gc/Headers/GoShaderObjectCommon_DynamicRenderingBuffer_Gc.h	8020BC40	Tiger Woods PGA Tour 2005 (USA) (Disc 1)	no
path	c:/dev/Golf_2005/Tigercode/Code/Golf/Animation/skalib.c	8020BCD0	Tiger Woods PGA Tour 2005 (USA) (Disc 1)	no
message	%s\%s.ska	8020C128	Tiger Woods PGA Tour 2005 (USA) (Disc 1)	no
path	../../../Golf/Lo-Rendering/Shader/ShaderObject/ShaderObjectCommon/Gc/Headers/GoShaderObjectCommon_DynamicRenderingBuffer_Gc.h	8020C190	Tiger Woods PGA Tour 2005 (USA) (Disc 1)	no
path	c:/dev/Golf_2005/Tigercode/Code/Golf/Animation/Skeleton.c	8020C7A4	Tiger Woods PGA Tour 2005 (USA) (Disc 1)	no
name	ig_driver	8020C844	Tiger Woods PGA Tour 2005 (USA) (Disc 1)	no
name	ig_putter	8020C850	Tiger Woods PGA Tour 2005 (USA) (Disc 1)	no
name	ig_iron3	8020C85C	Tiger Woods PGA Tour 2005 (USA) (Disc 1)	no
name	ig_iron7	8020C868	Tiger Woods PGA Tour 2005 (USA) (Disc 1)	no
name	ig_wedge	8020C874	Tiger Woods PGA Tour 2005 (USA) (Disc 1)	no
name	ig_driver_break	8020C880	Tiger Woods PGA Tour 2005 (USA) (Disc 1)	no
name	ig_putter_break	8020C890	Tiger Woods PGA Tour 2005 (USA) (Disc 1)	no
name	ig_iron3_break	8020C8A0	Tiger Woods PGA Tour 2005 (USA) (Disc 1)	no
name	ig_iron7_break	8020C8B0	Tiger Woods PGA Tour 2005 (USA) (Disc 1)	no
name	ig_wedge_break	8020C8C0	Tiger Woods PGA Tour 2005 (USA) (Disc 1)	no
name	ig_driver_head	8020C8D0	Tiger Woods PGA Tour 2005 (USA) (Disc 1)	no
name	ig_putter_head	8020C8E0	Tiger Woods PGA Tour 2005 (USA) (Disc 1)	no
name	ig_iron3_head	8020C8F0	Tiger Woods PGA Tour 2005 (USA) (Disc 1)	no
name	ig_iron7_head	8020C900	Tiger Woods PGA Tour 2005 (USA) (Disc 1)	no
name	ig_wedge_head	8020C910	Tiger Woods PGA Tour 2005 (USA) (Disc 1)	no
name	ig_driver_clubhead	8020C920	Tiger Woods PGA Tour 2005 (USA) (Disc 1)	no
name	ig_putter_clubhead	8020C934	Tiger Woods PGA Tour 2005 (USA) (Disc 1)	no
name	ig_iron3_clubhead	8020C948	Tiger Woods PGA Tour 2005 (USA) (Disc 1)	no
name	ig_iron7_clubhead	8020C95C	Tiger Woods PGA Tour 2005 (USA) (Disc 1)	no
name	ig_wedge_clubhead	8020C970	Tiger Woods PGA Tour 2005 (USA) (Disc 1)	no
path	../../../Golf/Lo-Rendering/Shader/ShaderObject/ShaderObjectCommon/Gc/Headers/GoShaderObjectCommon_DynamicRenderingBuffer_Gc.h	8020C984	Tiger Woods PGA Tour 2005 (USA) (Disc 1)	no
path	c:/dev/Golf_2005/Tigercode/Code/Golf/Animation/Skin.c	8020CA54	Tiger Woods PGA Tour 2005 (USA) (Disc 1)	no
path	../../../Golf/Lo-Rendering/Shader/ShaderObject/ShaderObjectCommon/Gc/Headers/GoShaderObjectCommon_DynamicRenderingBuffer_Gc.h	8020CF50	Tiger Woods PGA Tour 2005 (USA) (Disc 1)	no
path	c:/dev/Golf_2005/Tigercode/Code/Golf/Animation/SkinBurn.c	8020CFD0	Tiger Woods PGA Tour 2005 (USA) (Disc 1)	no
path	../../../Golf/Lo-Rendering/Shader/ShaderObject/ShaderObjectCommon/Gc/Headers/GoShaderObjectCommon_DynamicRenderingBuffer_Gc.h	8020D010	Tiger Woods PGA Tour 2005 (USA) (Disc 1)	no
path	c:/dev/Golf_2005/Tigercode/Code/Golf/Animation/SkinMorph.c	8020D090	Tiger Woods PGA Tour 2005 (USA) (Disc 1)	no
path	../../../Golf/Lo-Rendering/Shader/ShaderObject/ShaderObjectCommon/Gc/Headers/GoShaderObjectCommon_DynamicRenderingBuffer_Gc.h	8020D0D4	Tiger Woods PGA Tour 2005 (USA) (Disc 1)	no
path	c:/dev/Golf_2005/Tigercode/Code/Golf/Animation/SkinPart.c	8020D164	Tiger Woods PGA Tour 2005 (USA) (Disc 1)	no
path	../../../Golf/Lo-Rendering/Shader/ShaderObject/ShaderObjectCommon/Gc/Headers/GoShaderObjectCommon_DynamicRenderingBuffer_Gc.h	8020D1EC	Tiger Woods PGA Tour 2005 (USA) (Disc 1)	no
path	c:/dev/Golf_2005/Tigercode/Code/Golf/Rcmp/rcmp_mad_codec.c	8020E270	Tiger Woods PGA Tour 2005 (USA) (Disc 1)	no
path	../../../Golf/Lo-Rendering/Shader/ShaderObject/ShaderObjectCommon/Gc/Headers/GoShaderObjectCommon_DynamicRenderingBuffer_Gc.h	8020E2C0	Tiger Woods PGA Tour 2005 (USA) (Disc 1)	no
path	../../../Golf/Lo-Rendering/Shader/ShaderObject/ShaderObjectCommon/Gc/Headers/GoShaderObjectCommon_DynamicRenderingBuffer_Gc.h	8020E460	Tiger Woods PGA Tour 2005 (USA) (Disc 1)	no
path	../../../Golf/Lo-Rendering/Shader/ShaderObject/ShaderObjectCommon/Gc/Headers/GoShaderObjectCommon_DynamicRenderingBuffer_Gc.h	8020E538	Tiger Woods PGA Tour 2005 (USA) (Disc 1)	no
path	c:/dev/Golf_2005/Tigercode/Code/Golf/Ai/CrAS.c	8020E654	Tiger Woods PGA Tour 2005 (USA) (Disc 1)	no
path	../../../Golf/Lo-Rendering/Shader/ShaderObject/ShaderObjectCommon/Gc/Headers/GoShaderObjectCommon_DynamicRenderingBuffer_Gc.h	8020E760	Tiger Woods PGA Tour 2005 (USA) (Disc 1)	no
path	../../../Golf/Lo-Rendering/Shader/ShaderObject/ShaderObjectCommon/Gc/Headers/GoShaderObjectCommon_DynamicRenderingBuffer_Gc.h	8020E888	Tiger Woods PGA Tour 2005 (USA) (Disc 1)	no
path	../../../Golf/Lo-Rendering/Shader/ShaderObject/ShaderObjectCommon/Gc/Headers/GoShaderObjectCommon_DynamicRenderingBuffer_Gc.h	8020EA28	Tiger Woods PGA Tour 2005 (USA) (Disc 1)	no
path	../../../Golf/Lo-Rendering/Shader/ShaderObject/ShaderObjectCommon/Gc/Headers/GoShaderObjectCommon_DynamicRenderingBuffer_Gc.h	8020EB70	Tiger Woods PGA Tour 2005 (USA) (Disc 1)	no
path	c:/dev/Golf_2005/Tigercode/Code/Golf/Ai/Swing.c	8020EC00	Tiger Woods PGA Tour 2005 (USA) (Disc 1)	no
path	../../../Golf/Lo-Rendering/Shader/ShaderObject/ShaderObjectCommon/Gc/Headers/GoShaderObjectCommon_DynamicRenderingBuffer_Gc.h	8020EF90	Tiger Woods PGA Tour 2005 (USA) (Disc 1)	no
path	c:/dev/Golf_2005/Tigercode/Code/Golf/TextureFX/clutgenfuplus.cpp	8020F348	Tiger Woods PGA Tour 2005 (USA) (Disc 1)	no
path	c:/dev/Golf_2005/Tigercode/Code/Golf/TextureFX/clutgenopaqfuplus.cpp	8020F448	Tiger Woods PGA Tour 2005 (USA) (Disc 1)	no
path	../../../Golf/Lo-Rendering/Shader/ShaderObject/ShaderObjectCommon/Gc/Headers/GoShaderObjectCommon_DynamicRenderingBuffer_Gc.h	8020F600	Tiger Woods PGA Tour 2005 (USA) (Disc 1)	no
path	c:/dev/Golf_2005/Tigercode/Code/Golf/TextureFX/texcomp.cpp	8020F6A8	Tiger Woods PGA Tour 2005 (USA) (Disc 1)	no
path	c:/dev/Golf_2005/Tigercode/Code/Golf/TextureFX/txrblendrule.cpp	8020F800	Tiger Woods PGA Tour 2005 (USA) (Disc 1)	no
path	c:/dev/Golf_2005/Tigercode/Code/Golf/TextureFX/txrsliderrule.cpp	8020F8A4	Tiger Woods PGA Tour 2005 (USA) (Disc 1)	no
path	c:/dev/Golf_2005/Tigercode/Code/Golf/TextureFX/txrtexrule.cpp	8020F90C	Tiger Woods PGA Tour 2005 (USA) (Disc 1)	no
path	c:/dev/Golf_2005/Tigercode/Code/Golf/TextureFX/txufile.cpp	8020F95C	Tiger Woods PGA Tour 2005 (USA) (Disc 1)	no
path	../../../Golf/Lo-Rendering/Shader/ShaderObject/ShaderObjectCommon/Gc/Headers/GoShaderObjectCommon_DynamicRenderingBuffer_Gc.h	8020F9A4	Tiger Woods PGA Tour 2005 (USA) (Disc 1)	no
message	Camera Test: %d / %d	8020FA5C	Tiger Woods PGA Tour 2005 (USA) (Disc 1)	no
message	Main Memory: %d KB / %d KB	8020FB48	Tiger Woods PGA Tour 2005 (USA) (Disc 1)	no
path	../../../Golf/Lo-Rendering/Shader/ShaderObject/ShaderObjectCommon/Gc/Headers/GoShaderObjectCommon_DynamicRenderingBuffer_Gc.h	8020FB98	Tiger Woods PGA Tour 2005 (USA) (Disc 1)	no
path	../../../Golf/Lo-Rendering/Shader/ShaderObject/ShaderObjectCommon/Gc/Headers/GoShaderObjectCommon_DynamicRenderingBuffer_Gc.h	8020FC90	Tiger Woods PGA Tour 2005 (USA) (Disc 1)	no
path	../../../Golf/Lo-Rendering/Shader/ShaderObject/ShaderObjectCommon/Gc/Headers/GoShaderObjectCommon_DynamicRenderingBuffer_Gc.h	8020FD50	Tiger Woods PGA Tour 2005 (USA) (Disc 1)	no
path	../../../Golf/SFX/Headers/SFX_GameInterface.h	8020FDEC	Tiger Woods PGA Tour 2005 (USA) (Disc 1)	no
path	../../../Golf/Lo-Rendering/Shader/ShaderObject/ShaderObjectCommon/Gc/Headers/GoShaderObjectCommon_DynamicRenderingBuffer_Gc.h	8020FE50	Tiger Woods PGA Tour 2005 (USA) (Disc 1)	no
path	../../../Golf/Lo-Rendering/Shader/ShaderObject/ShaderObjectCommon/Gc/Headers/GoShaderObjectCommon_DynamicRenderingBuffer_Gc.h	8020FEE0	Tiger Woods PGA Tour 2005 (USA) (Disc 1)	no
path	c:/dev/Golf_2005/Tigercode/Code/Golf/crac/DesignSecrets.cpp	8020FF70	Tiger Woods PGA Tour 2005 (USA) (Disc 1)	no
path	../../../Golf/Lo-Rendering/Shader/ShaderObject/ShaderObjectCommon/Gc/Headers/GoShaderObjectCommon_DynamicRenderingBuffer_Gc.h	8020FFB0	Tiger Woods PGA Tour 2005 (USA) (Disc 1)	no
path	../../../Golf/Lo-Rendering/Shader/ShaderObject/ShaderObjectCommon/Gc/Headers/GoShaderObjectCommon_DynamicRenderingBuffer_Gc.h	80210088	Tiger Woods PGA Tour 2005 (USA) (Disc 1)	no
message	%sdata\stmfiles\sky.fxg	8021011C	Tiger Woods PGA Tour 2005 (USA) (Disc 1)	no
path	c:/dev/Golf_2005/Tigercode/Code/Golf/crac/EnvFX_CloudLayers.cpp	80210134	Tiger Woods PGA Tour 2005 (USA) (Disc 1)	no
path	../../../Golf/Lo-Rendering/Shader/ShaderObject/ShaderObjectCommon/Gc/Headers/GoShaderObjectCommon_DynamicRenderingBuffer_Gc.h	80210178	Tiger Woods PGA Tour 2005 (USA) (Disc 1)	no
path	../../../Golf/SFX/Headers/SFX_GameInterface.h	80210214	Tiger Woods PGA Tour 2005 (USA) (Disc 1)	no
path	c:/dev/Golf_2005/Tigercode/Code/Golf/crac/EnvironmentEffectManager.cpp	80210244	Tiger Woods PGA Tour 2005 (USA) (Disc 1)	no
message	Skydome resource ID from stream is invalid	80210290	Tiger Woods PGA Tour 2005 (USA) (Disc 1)	no
path	c:/dev/Golf_2005/Tigercode/Code/Golf/crac/TigerProofDB.cpp	80210320	Tiger Woods PGA Tour 2005 (USA) (Disc 1)	no
path	../../../Golf/Lo-Rendering/Shader/ShaderObject/ShaderObjectCommon/Gc/Headers/GoShaderObjectCommon_DynamicRenderingBuffer_Gc.h	8021035C	Tiger Woods PGA Tour 2005 (USA) (Disc 1)	no
path	../../../Golf/Lo-Rendering/Shader/ShaderObject/ShaderObjectCommon/Gc/Headers/GoShaderObjectCommon_DynamicRenderingBuffer_Gc.h	80210494	Tiger Woods PGA Tour 2005 (USA) (Disc 1)	no
name	Mov_Init	80210820	Tiger Woods PGA Tour 2005 (USA) (Disc 1)	no
name	Mov_Exit	8021082C	Tiger Woods PGA Tour 2005 (USA) (Disc 1)	yes
name	Mov_Start	80210838	Tiger Woods PGA Tour 2005 (USA) (Disc 1)	yes
name	Mov_Tick	80210844	Tiger Woods PGA Tour 2005 (USA) (Disc 1)	yes
name	Mov_TickDivX	802108C4	Tiger Woods PGA Tour 2005 (USA) (Disc 1)	no
name	AddToAudStreamReadQueue	80210958	Tiger Woods PGA Tour 2005 (USA) (Disc 1)	yes
name	RemoveFromAudStreamQueue	80210970	Tiger Woods PGA Tour 2005 (USA) (Disc 1)	yes
name	ProcessAudStreamReadQueue	8021098C	Tiger Woods PGA Tour 2005 (USA) (Disc 1)	yes
name	Stm_Exit	802109A8	Tiger Woods PGA Tour 2005 (USA) (Disc 1)	yes
name	Stm_Prime	802109B4	Tiger Woods PGA Tour 2005 (USA) (Disc 1)	no
name	Stm_Start	802109C0	Tiger Woods PGA Tour 2005 (USA) (Disc 1)	yes
name	Stm_Tick	802109CC	Tiger Woods PGA Tour 2005 (USA) (Disc 1)	yes
name	Stm_SetPlayList	802109D8	Tiger Woods PGA Tour 2005 (USA) (Disc 1)	yes
name	Stm_SetStream	802109E8	Tiger Woods PGA Tour 2005 (USA) (Disc 1)	yes
path	../../../Golf/Lo-Rendering/Shader/ShaderObject/ShaderObjectCommon/Gc/Headers/GoShaderObjectCommon_DynamicRenderingBuffer_Gc.h	80210A50	Tiger Woods PGA Tour 2005 (USA) (Disc 1)	no
path	../../../Golf/Lo-Rendering/Shader/ShaderObject/ShaderObjectCommon/Gc/Headers/GoShaderObjectCommon_DynamicRenderingBuffer_Gc.h	80210AE0	Tiger Woods PGA Tour 2005 (USA) (Disc 1)	no
path	c:/dev/Golf_2005/Tigercode/Code/Golf/Audio/Engine/Utils/UAudMem.c	80210B98	Tiger Woods PGA Tour 2005 (USA) (Disc 1)	no
path	c:/dev/Golf_2005/Tigercode/Code/Golf/Audio/Engine/Utils/UAudMemStack.c	80210BDC	Tiger Woods PGA Tour 2005 (USA) (Disc 1)	no
path	../../../Golf/Lo-Rendering/Shader/ShaderObject/ShaderObjectCommon/Gc/Headers/GoShaderObjectCommon_DynamicRenderingBuffer_Gc.h	80210CC4	Tiger Woods PGA Tour 2005 (USA) (Disc 1)	no
message	An error has occurred.	80210E64	Tiger Woods PGA Tour 2005 (USA) (Disc 1)	yes
path	c:/dev/Golf_2005/Tigercode/Code/Legacy/Lib/UAllocator.c	80211054	Tiger Woods PGA Tour 2005 (USA) (Disc 1)	no
path	c:/dev/Golf_2005/Tigercode/Code/Legacy/Lib/UDynMemPool.c	802110B0	Tiger Woods PGA Tour 2005 (USA) (Disc 1)	no
path	c:/dev/Golf_2005/Tigercode/Code/Legacy/Lib/UHeap.c	802110F8	Tiger Woods PGA Tour 2005 (USA) (Disc 1)	no
path	;c:/dev/Golf_2005/Tigercode/Code/Legacy/Lib/UMath.c	80211193	Tiger Woods PGA Tour 2005 (USA) (Disc 1)	no
path	../../../Golf/Lo-Rendering/Shader/ShaderObject/ShaderObjectCommon/Gc/Headers/GoShaderObjectCommon_DynamicRenderingBuffer_Gc.h	802111C8	Tiger Woods PGA Tour 2005 (USA) (Disc 1)	no
path	c:/dev/Golf_2005/Tigercode/Code/Legacy/Lib/UMemNew.cpp	80211258	Tiger Woods PGA Tour 2005 (USA) (Disc 1)	no
path	../../../Golf/Lo-Rendering/Shader/ShaderObject/ShaderObjectCommon/Gc/Headers/GoShaderObjectCommon_DynamicRenderingBuffer_Gc.h	80211290	Tiger Woods PGA Tour 2005 (USA) (Disc 1)	no
path	c:/dev/Golf_2005/Tigercode/Code/Legacy/Lib/UObject.c	80211334	Tiger Woods PGA Tour 2005 (USA) (Disc 1)	no
path	../../../Golf/Lo-Rendering/Shader/ShaderObject/ShaderObjectCommon/Gc/Headers/GoShaderObjectCommon_DynamicRenderingBuffer_Gc.h	80211380	Tiger Woods PGA Tour 2005 (USA) (Disc 1)	no
path	c:/dev/Golf_2005/Tigercode/Code/Legacy/Lib/UObject3D.c	80211400	Tiger Woods PGA Tour 2005 (USA) (Disc 1)	no
path	../../../Golf/Lo-Rendering/Shader/ShaderObject/ShaderObjectCommon/Gc/Headers/GoShaderObjectCommon_DynamicRenderingBuffer_Gc.h	80211454	Tiger Woods PGA Tour 2005 (USA) (Disc 1)	no
path	c:/dev/Golf_2005/Tigercode/Code/Legacy/Lib/UUberparserUtils.cpp	802114E4	Tiger Woods PGA Tour 2005 (USA) (Disc 1)	no
path	../../../Golf/Lo-Rendering/Shader/ShaderObject/ShaderObjectCommon/Gc/Headers/GoShaderObjectCommon_DynamicRenderingBuffer_Gc.h	802115A0	Tiger Woods PGA Tour 2005 (USA) (Disc 1)	no
path	../../../Golf/SFX/Headers/SFX_GameInterface.h	8021163C	Tiger Woods PGA Tour 2005 (USA) (Disc 1)	no
path	../../../Golf/Lo-Rendering/Shader/ShaderObject/ShaderObjectCommon/Gc/Headers/GoShaderObjectCommon_DynamicRenderingBuffer_Gc.h	80211670	Tiger Woods PGA Tour 2005 (USA) (Disc 1)	no
path	c:/dev/Golf_2005/Tigercode/Code/Legacy/Ll/LLDynTex.c	80211700	Tiger Woods PGA Tour 2005 (USA) (Disc 1)	no
path	c:/dev/Golf_2005/Tigercode/Code/Legacy/Ll/LLFont.c	80211834	Tiger Woods PGA Tour 2005 (USA) (Disc 1)	no
path	c:/dev/Golf_2005/Tigercode/Code/Legacy/Ll/LLListMan.c	80211920	Tiger Woods PGA Tour 2005 (USA) (Disc 1)	no
path	c:/dev/Golf_2005/Tigercode/Code/Legacy/Ll/LLPictInt.c	80211968	Tiger Woods PGA Tour 2005 (USA) (Disc 1)	no
message	%d/%d/%d %d:%02d %s	802119D0	Tiger Woods PGA Tour 2005 (USA) (Disc 1)	yes
path	../../../Golf/Lo-Rendering/Shader/ShaderObject/ShaderObjectCommon/Gc/Headers/GoShaderObjectCommon_DynamicRenderingBuffer_Gc.h	802119E8	Tiger Woods PGA Tour 2005 (USA) (Disc 1)	no
path	c:/dev/Golf_2005/Tigercode/Code/Legacy/Ll/LLTex.c	80211A78	Tiger Woods PGA Tour 2005 (USA) (Disc 1)	no
path	c:/dev/Golf_2005/Tigercode/Code/Legacy/Ll/LLTexGrp.c	80211B70	Tiger Woods PGA Tour 2005 (USA) (Disc 1)	no
path	c:/dev/Golf_2005/Tigercode/Code/Legacy/Ll/LLVideo.c	80211BEC	Tiger Woods PGA Tour 2005 (USA) (Disc 1)	no
path	c:/dev/Golf_2005/Tigercode/Code/Legacy/Ll/Gc/LLDisp_Gc.c	80211CC0	Tiger Woods PGA Tour 2005 (USA) (Disc 1)	no
name	file_RequestDaemon	80211D80	Tiger Woods PGA Tour 2005 (USA) (Disc 1)	yes
name	File_Open	80211D94	Tiger Woods PGA Tour 2005 (USA) (Disc 1)	yes
name	File_Close	80211DA0	Tiger Woods PGA Tour 2005 (USA) (Disc 1)	yes
name	File_ReadAsyncEx	80211DAC	Tiger Woods PGA Tour 2005 (USA) (Disc 1)	yes
path	c:/dev/Golf_2005/Tigercode/Code/Legacy/Ll/Gc/LLFileIO_Gc.c	80211DC0	Tiger Woods PGA Tour 2005 (USA) (Disc 1)	no
path	../../../Golf/Lo-Rendering/Shader/ShaderObject/ShaderObjectCommon/Gc/Headers/GoShaderObjectCommon_DynamicRenderingBuffer_Gc.h	80211DFC	Tiger Woods PGA Tour 2005 (USA) (Disc 1)	no
path	../../../Golf/Lo-Rendering/Shader/ShaderObject/ShaderObjectCommon/Gc/Headers/GoShaderObjectCommon_DynamicRenderingBuffer_Gc.h	80211E88	Tiger Woods PGA Tour 2005 (USA) (Disc 1)	no
path	c:/dev/Golf_2005/Tigercode/Code/Legacy/Ll/Gc/LLObj_Gc.c	80211F18	Tiger Woods PGA Tour 2005 (USA) (Disc 1)	no
path	c:/dev/Golf_2005/Tigercode/Code/Legacy/Ll/Gc/LLPict_Gc.c	80212040	Tiger Woods PGA Tour 2005 (USA) (Disc 1)	no
path	c:/dev/Golf_2005/Tigercode/Code/Legacy/Ll/Gc/LLVideoDivX_Gc.c	80212110	Tiger Woods PGA Tour 2005 (USA) (Disc 1)	no
message	XDivX_OpenFile: Failed to find the DivX video '%s'	80212168	Tiger Woods PGA Tour 2005 (USA) (Disc 1)	no
message	XDivX_OpenFile: Unable to open the DivX video '%s'	8021219C	Tiger Woods PGA Tour 2005 (USA) (Disc 1)	no
path	../../../Golf/Lo-Rendering/Shader/ShaderObject/ShaderObjectCommon/Gc/Headers/GoShaderObjectCommon_DynamicRenderingBuffer_Gc.h	802125BC	Tiger Woods PGA Tour 2005 (USA) (Disc 1)	no
path	../../../Golf/Lo-Rendering/Shader/ShaderObject/ShaderObjectCommon/Gc/Headers/GoShaderObjectCommon_DynamicRenderingBuffer_Gc.h	8021264C	Tiger Woods PGA Tour 2005 (USA) (Disc 1)	no
path	../../../Golf/SFX/Headers/SFX_GameInterface.h	802126E8	Tiger Woods PGA Tour 2005 (USA) (Disc 1)	no
path	../../../Golf/Lo-Rendering/Shader/ShaderObject/ShaderObjectCommon/Gc/Headers/GoShaderObjectCommon_DynamicRenderingBuffer_Gc.h	80212720	Tiger Woods PGA Tour 2005 (USA) (Disc 1)	no
path	c:/dev/Golf_2005/Tigercode/Code/Legacy/Specif/UFont.c	802127AC	Tiger Woods PGA Tour 2005 (USA) (Disc 1)	no
path	../../../Golf/Lo-Rendering/Shader/ShaderObject/ShaderObjectCommon/Gc/Headers/GoShaderObjectCommon_DynamicRenderingBuffer_Gc.h	80212808	Tiger Woods PGA Tour 2005 (USA) (Disc 1)	no
path	../../../Golf/SFX/Headers/SFX_GameInterface.h	802128A4	Tiger Woods PGA Tour 2005 (USA) (Disc 1)	no
path	c:/dev/Golf_2005/Tigercode/Code/Legacy/Specif/UKernel.c	802128D4	Tiger Woods PGA Tour 2005 (USA) (Disc 1)	no
path	../../../Golf/Lo-Rendering/Shader/ShaderObject/ShaderObjectCommon/Gc/Headers/GoShaderObjectCommon_DynamicRenderingBuffer_Gc.h	80212910	Tiger Woods PGA Tour 2005 (USA) (Disc 1)	no
path	../../../Golf/Lo-Rendering/Shader/ShaderObject/ShaderObjectCommon/Gc/Headers/GoShaderObjectCommon_DynamicRenderingBuffer_Gc.h	80212A60	Tiger Woods PGA Tour 2005 (USA) (Disc 1)	no
path	c:/dev/Golf_2005/Tigercode/Code/Legacy/Specif/UStream.c	80212AEC	Tiger Woods PGA Tour 2005 (USA) (Disc 1)	no
path	../../../Golf/Lo-Rendering/Shader/ShaderObject/ShaderObjectCommon/Gc/Headers/GoShaderObjectCommon_DynamicRenderingBuffer_Gc.h	80212B68	Tiger Woods PGA Tour 2005 (USA) (Disc 1)	no
path	c:/dev/Golf_2005/Tigercode/Code/Legacy/Specif/USupAct.c	80212BE8	Tiger Woods PGA Tour 2005 (USA) (Disc 1)	no
path	../../../Golf/Lo-Rendering/Shader/ShaderObject/ShaderObjectCommon/Gc/Headers/GoShaderObjectCommon_DynamicRenderingBuffer_Gc.h	80212C20	Tiger Woods PGA Tour 2005 (USA) (Disc 1)	no
path	c:/dev/Golf_2005/Tigercode/Code/Shared/Shader/Hardware/hwsRelocate.c	80212CA0	Tiger Woods PGA Tour 2005 (USA) (Disc 1)	no
path	../../../Golf/Lo-Rendering/Shader/ShaderObject/ShaderObjectCommon/Gc/Headers/GoShaderObjectCommon_DynamicRenderingBuffer_Gc.h	80212CE8	Tiger Woods PGA Tour 2005 (USA) (Disc 1)	no
message	Error: 	80212D6C	Tiger Woods PGA Tour 2005 (USA) (Disc 1)	no
message	Warning: 	80212D74	Tiger Woods PGA Tour 2005 (USA) (Disc 1)	no
message	%s%s%s	80212D84	Tiger Woods PGA Tour 2005 (USA) (Disc 1)	no
message	Invalid File	80212D8C	Tiger Woods PGA Tour 2005 (USA) (Disc 1)	no
message	Unable to open file %s for write	80212DAC	Tiger Woods PGA Tour 2005 (USA) (Disc 1)	no
path	c:/dev/Golf_2005/Tigercode/Code/Shared/refpack/refabout.cpp	80212E0C	Tiger Woods PGA Tour 2005 (USA) (Disc 1)	no
path	c:/dev/Golf_2005/Tigercode/Code/Shared/refpack/refencode.cpp	80212E5C	Tiger Woods PGA Tour 2005 (USA) (Disc 1)	no
path	../../../Golf/Lo-Rendering/Shader/ShaderObject/ShaderObjectCommon/Gc/Headers/GoShaderObjectCommon_DynamicRenderingBuffer_Gc.h	80212E9C	Tiger Woods PGA Tour 2005 (USA) (Disc 1)	no
path	c:/dev/Golf_2005/Tigercode/Code/Tiburon/Eassdk/TibExt.c	80212F34	Tiger Woods PGA Tour 2005 (USA) (Disc 1)	no
message	Error: Out of bounds array access.	80212F6C	Tiger Woods PGA Tour 2005 (USA) (Disc 1)	no
message	Error: Invalid Controller ID.	80212F90	Tiger Woods PGA Tour 2005 (USA) (Disc 1)	no
path	c:/dev/Golf_2005/Tigercode/Code/Tiburon/IStudio/UISEvent.c	80212FB0	Tiger Woods PGA Tour 2005 (USA) (Disc 1)	no
message	Attempt to load rate function (ID: %d) ignored.  The screen (Group: %d, Screen: %d) is being unloaded.	8021303C	Tiger Woods PGA Tour 2005 (USA) (Disc 1)	yes
path	c:/dev/Golf_2005/Tigercode/Code/Tiburon/IStudio/UIStudio.c	80213150	Tiger Woods PGA Tour 2005 (USA) (Disc 1)	no
name	cl_bbsd	80215810	Tiger Woods PGA Tour 2005 (USA) (Disc 1)	yes
name	cv_lnchr	8021581D	Tiger Woods PGA Tour 2005 (USA) (Disc 1)	yes
name	ping_si3	80215837	Tiger Woods PGA Tour 2005 (USA) (Disc 1)	yes
name	tm_420	80215844	Tiger Woods PGA Tour 2005 (USA) (Disc 1)	yes
name	tm_r580	80215851	Tiger Woods PGA Tour 2005 (USA) (Disc 1)	yes
name	ts_z350	8021585E	Tiger Woods PGA Tour 2005 (USA) (Disc 1)	yes
name	fwd_shaft	8021B2CA	Tiger Woods PGA Tour 2005 (USA) (Disc 1)	yes
name	fwd_shaft	8021B2DB	Tiger Woods PGA Tour 2005 (USA) (Disc 1)	yes
name	pwi_shaft	8021B2EC	Tiger Woods PGA Tour 2005 (USA) (Disc 1)	yes
name	pwi_shaft	8021B2FD	Tiger Woods PGA Tour 2005 (USA) (Disc 1)	yes
name	pwi_shaft	8021B30E	Tiger Woods PGA Tour 2005 (USA) (Disc 1)	yes
name	pwi_shaft	8021B31F	Tiger Woods PGA Tour 2005 (USA) (Disc 1)	yes
name	fwd_grip	8021B462	Tiger Woods PGA Tour 2005 (USA) (Disc 1)	yes
name	fwd_grip	8021B473	Tiger Woods PGA Tour 2005 (USA) (Disc 1)	yes
name	pwi_grip	8021B484	Tiger Woods PGA Tour 2005 (USA) (Disc 1)	yes
name	pwi_grip	8021B495	Tiger Woods PGA Tour 2005 (USA) (Disc 1)	yes
name	pwi_grip	8021B4A6	Tiger Woods PGA Tour 2005 (USA) (Disc 1)	yes
name	pwi_grip	8021B4B7	Tiger Woods PGA Tour 2005 (USA) (Disc 1)	yes
message	GP status %d%d%d%d%d%d --> 	80225E5C	Tiger Woods PGA Tour 2005 (USA) (Disc 1)	no
message	%s: %8.3f	80225FC8	Tiger Woods PGA Tour 2005 (USA) (Disc 1)	no
name	STOP_STREAM_AT_END	80227498	Tiger Woods PGA Tour 2005 (USA) (Disc 1)	no
message	REQUEST_AUDIO_ERROR	802274AC	Tiger Woods PGA Tour 2005 (USA) (Disc 1)	no
name	REQUEST_PLAY_ADDR	802274C0	Tiger Woods PGA Tour 2005 (USA) (Disc 1)	no
name	REQUEST_START_ADDR	802274D4	Tiger Woods PGA Tour 2005 (USA) (Disc 1)	no
name	REQUEST_LENGTH	802274E8	Tiger Woods PGA Tour 2005 (USA) (Disc 1)	no
name	AUDIO_BUFFER_CONFIG	802274F8	Tiger Woods PGA Tour 2005 (USA) (Disc 1)	no
name	BS_CHANGE_DISK	8022750C	Tiger Woods PGA Tour 2005 (USA) (Disc 1)	no
message	< Queue #%d > 	80227580	Tiger Woods PGA Tour 2005 (USA) (Disc 1)	no
message	0x%08x: Command: %s 	80227590	Tiger Woods PGA Tour 2005 (USA) (Disc 1)	no
message	Non-recoverable Exception %d	8022A5B4	Tiger Woods PGA Tour 2005 (USA) (Disc 1)	yes
message	Unhandled Exception %d	8022A5D4	Tiger Woods PGA Tour 2005 (USA) (Disc 1)	yes
message	%s: %8d	802F3958	Tiger Woods PGA Tour 2005 (USA) (Disc 1)	no
