# Readability pass progress (hotnames.py --units --log, after every round)
date	commit	functions	named	commented	need_comment	done	reviewed	files_passed	files	call_coverage%
2026-09-28 00:12	2625d4c	6641	1924	3291	3987	1732	328	0	272	70.89
2026-09-28 00:47	d857e5f	6641	1997	3298	3987	1804	473	12	272	72.26
2026-09-28 01:19	6b04d6a	6641	2081	3312	3987	1888	588	15	272	72.86
2026-09-28 01:52	73b1167	6641	2188	3317	3985	1995	709	17	272	73.75
2026-09-28 02:42	92fbfe3	6641	2300	3327	3986	2108	881	20	272	74.48
2026-09-28 11:35	0e7b53b	6641	2444	3339	3985	2251	1032	25	272	75.75
2026-09-28 12:08	796f3c5	6641	2555	3493	4149	2365	1202	32	272	76.58
2026-09-28 12:35	816fcd4	6641	2668	3508	4149	2486	1428	38	272	77.17
2026-09-28 13:18	4130618	6641	2796	3523	4149	2620	1604	41	272	78.25
2026-09-28 14:29	c283e9c	6641	3090	3552	4149	2913	1907	49	272	80.57
2026-09-28 15:20	8e4239a	6641	3396	3582	4149	3219	2215	64	272	81.31
2026-09-28 16:07	f31dee6	6641	3693	3619	4149	3523	2585	74	272	81.70
