tw04_function	tw04_address	size	tw2003_address
__check_pad3	80003100	40	80003100
__start	80003140	138	80003140
__init_data	80003294	C0	80003294
__flush_cache	80003374	34	80003374
memcpy	80003490	50	80003490
TRK_exception_vectors	80003534	1F34	80003534
Mem_cpy	80005628	25C	800056F0
fn_80005BE8	80005BE8	60	80005CC0
fn_80005C48	80005C48	48	80005D20
fn_80005C90	80005C90	80	80005D68
fn_80005D10	80005D10	1B0	80005DE8
fn_80006444	80006444	34	800064D0
File_ReadAsyncEx	80006478	138	80006504
fn_800067E4	800067E4	2B4	8000673C
fn_80006DF4	80006DF4	84	80006D48
fn_80006E78	80006E78	50	80006DCC
fn_80006EDC	80006EDC	10C	80006E30
fn_80007930	80007930	6C	80007844
fn_800080D4	800080D4	F0	80007DB8
Quat_GetNorm	80008EF0	30	80008A2C
Quat_Conjugate	80008F9C	30	80008AD8
Quat_Multiply	80008FCC	D4	80008B08
Quat_Add	800090A0	44	80008BDC
Quat_RotateVector	800090E4	68	80008C20
fn_8000977C	8000977C	48	8000933C
fn_8000991C	8000991C	A0	800094A4
fn_800099BC	800099BC	A4	80009544
fn_80009A60	80009A60	D4	800095E8
fn_80009E04	80009E04	6C	80009970
fn_8000A6C8	8000A6C8	4C	8000A348
fn_8000A714	8000A714	84	8000A394
fn_8000AF20	8000AF20	38	8000A5B4
AllocPoolMem	8000B078	5C	8000A6E8
ReturnPoolMem	8000B0D4	5C	8000A744
Misc_PMRand	8000B194	40	8000A840
Misc_CreateRandomSeed_Internal	8000B264	54	8000A938
fn_8000B46C	8000B46C	44	8000A9B8
fn_8000B4B8	8000B4B8	50	8000AA04
fn_8000B508	8000B508	44	8000AA54
fn_8000B54C	8000B54C	3C	8000AA98
fn_8000B588	8000B588	B4	8000AAD4
fn_8000B63C	8000B63C	50	8000AB88
fn_8000B68C	8000B68C	80	8000ABD8
fn_8000B70C	8000B70C	3C	8000AC58
fn_8000B830	8000B830	54	8000AD7C
fn_8000BF9C	8000BF9C	118	8000B418
fn_8000C104	8000C104	3C	8000B584
fn_8000C278	8000C278	B0	8000B6C4
fn_8000C328	8000C328	A0	8000B774
fn_8000C4E0	8000C4E0	B4	8000B9B0
UStream_StripStreamExt	8000CD60	8C	8000C144
Stream_OpenStreamFiles	8000E148	10C	8000D3E4
Stream_RegisterLoadChunkCallback	8000E2B0	A8	8000D528
Stream_UnregisterLoadChunkCallback	8000E358	188	8000D5D0
UStream_AllocBuffers	8000E4E0	3C	8000D758
fn_8000E830	8000E830	54	8000D9A0
fn_8000E884	8000E884	C4	8000D9F4
fn_8000E948	8000E948	60	8000DAB8
fn_8000E9A8	8000E9A8	74	8000DB18
fn_8001005C	8001005C	54	8000EEF4
fn_8001013C	8001013C	44	8000EF48
fn_8001049C	8001049C	90	8000F3B8
fn_80010544	80010544	48	8000F448
fn_8001058C	8001058C	7C	8000F490
fn_80010608	80010608	98	8000F50C
fn_80010760	80010760	60	8000F668
fn_80011034	80011034	12C	8000FF90
fn_800111D8	800111D8	104	80010134
UFont_LoadFontFromStream	800125BC	50	800113AC
UFont_FreeFont	80012820	48	800115E8
FO_chpCopyString	800128B0	48	80011654
UFont_FindFreeSlot	80012D04	84	8001198C
fn_80012FA4	80012FA4	8C	80011B14
fn_800130F8	800130F8	38	80011C60
fn_80013130	80013130	94	80011C98
fn_800131C4	800131C4	3C	80011D2C
fn_80013200	80013200	68	80011D68
fn_8001333C	8001333C	C4	80011EAC
fn_800137D0	800137D0	38	800F5770
fn_800142AC	800142AC	54	80012BFC
fn_80014300	80014300	7C	80012C50
fn_8001437C	8001437C	3C	80012CCC
fn_80015470	80015470	84	80013C30
fn_800154F4	800154F4	4C	80013CB4
fn_80016948	80016948	30	800151E8
fn_80016978	80016978	34	80015218
fn_80017508	80017508	A8	80016140
fn_800175B0	800175B0	C8	800161E8
fn_8001A75C	8001A75C	3C	80018DF4
fn_8001B58C	8001B58C	B8	80019AB0
fn_8001C21C	8001C21C	38	8001A8A0
fn_8001C650	8001C650	30	8001ACDC
fn_8001C680	8001C680	A4	8001AD0C
Character_SelectGameShotType	8001C724	50	8001ADB0
fn_8001D290	8001D290	94	8001B9A8
fn_8001D324	8001D324	60	8001BA3C
fn_8001D384	8001D384	68	8001BA9C
fn_8001D7A4	8001D7A4	48	8001C740
fn_8001D7EC	8001D7EC	F0	8001C788
fn_8001F6D8	8001F6D8	88	8001DB80
fn_8001FA3C	8001FA3C	6C	8001DECC
fn_8001FBA4	8001FBA4	68	8001E0B0
fn_800205F8	800205F8	D0	8001E9C0
Skalib_NextSlot	800227BC	64	80020370
AnimLib_FreeWorkCopies	80025238	108	80021F04
AnimLib_FreeCopies	80025340	A0	8002200C
fn_80025478	80025478	50	800220AC
AnimLib_SwapTree	80025DF8	140	80022B04
ClipBank_Load	800262CC	FC	80022FC0
AnimLib_OnLoaded	800263C8	F0	800230BC
ClipBank_Install	800264F0	8C	800231AC
fn_80026B4C	80026B4C	A8	800232B0
fn_800273BC	800273BC	BC	80024020
SKEL_RelaxIK	8002792C	38	80024718
SKEL_TransitionIK	80027964	5C	80024750
SKEL_TranslateIKChainY	80027E28	64	80024BEC
SKEL_FreeIKSkeleton	800284DC	88	80025390
fn_8002A3AC	8002A3AC	17C	8002832C
Golfer_ClampModifiers	8002AA74	318	800288B0
AI_RehearseShot	8002B030	56C	80028E70
AI_TargetsInit	8002BBB0	38	80029A34
AI_TargetsClear	8002BBE8	84	80029A6C
AI_NearestTarget	8002C230	AC	8002A1C4
AI_ClubLonger	8002CAC4	C8	8002AA20
AI_ClubShorter	8002CB8C	CC	8002AAE8
AI_PowerForTarget	8002D428	7C	8002B308
AI_PowerScale	8002D4A4	A0	8002B384
Luck_ResetAllOdds	8002D8C8	3C	8002B7CC
Luck_TightenOdds	8002D914	80	8002B818
Caddie_ApplyTip	8002DF88	3C	8002BE58
Players_SetupAll	8002E260	B0	8002C240
Players_Reset	8002E650	70	8002C5F0
fn_8002EBA4	8002EBA4	50	80030EDC
fn_8002F1D4	8002F1D4	8C	80031510
fn_8002F4FC	8002F4FC	44	80031844
fn_8002FE70	8002FE70	3C	800321B8
fn_8002FEB0	8002FEB0	88	800321F8
fn_8002FF38	8002FF38	5C	80032280
fn_80030040	80030040	5C	8003238C
fn_80037DD8	80037DD8	78	80039D78
fn_80037FB4	80037FB4	5C	80039F64
fn_80038314	80038314	94	8003A2F8
fn_800383A8	800383A8	90	8003A38C
fn_80038A2C	80038A2C	40	8003B1D4
fn_800392D0	800392D0	74	8003BF0C
fn_800394AC	800394AC	44	8003E328
fn_8003A76C	8003A76C	5C	8003F750
fn_8003CAFC	8003CAFC	84	800425A0
fn_8003CB80	8003CB80	54	80042624
fn_8003CBE8	8003CBE8	184	8004268C
fn_8003CD6C	8003CD6C	30	80042810
fn_8003CD9C	8003CD9C	150	80042840
fn_8003D054	8003D054	4C	80042AE4
fn_8003D0BC	8003D0BC	30	80042B4C
fn_8003D7A0	8003D7A0	70	800433EC
CamScript_AccelerateTime	8003F064	130	8004518C
CameraScript_SnapToScript	80043388	98	8004B2D0
CameraScript_DontUpdateCameraDuringSlowMo	80043920	C4	8004BC5C
fn_80044AA8	80044AA8	64	8004D790
fn_80044B0C	80044B0C	64	8004D7F4
fn_80044B70	80044B70	64	8004D858
fn_80044E74	80044E74	34	8004DB4C
fn_800467B4	800467B4	74	8004EA48
fn_80048808	80048808	58	800516B0
fn_80048AF4_DynObjAlloc	80048AF4	7C	80051C20
fn_80048E4C	80048E4C	30	80051F88
fn_80048E7C	80048E7C	78	80051FB8
fn_80048EF4	80048EF4	74	80052030
fn_80048F68	80048F68	84	800520A4
fn_80049018	80049018	A0	80052154
fn_800490B8	800490B8	34	800521F4
fn_800490EC	800490EC	D8	80052228
fn_800491C4	800491C4	6C	80052300
fn_80049304	80049304	98	80052448
fn_800494AC	800494AC	60	800525F0
fn_800496E0	800496E0	48	800528B0
fn_800497BC	800497BC	64	8005298C
fn_800499B0	800499B0	64	80052B08
fn_80049A14	80049A14	40	80052B6C
fn_80049ACC	80049ACC	74	80052C64
fn_8004AAEC	8004AAEC	A4	80053FB8
fn_8004AD54	8004AD54	88	80054274
fn_8004AF2C	8004AF2C	74	800544CC
fn_8004B1A4	8004B1A4	48	80054850
fn_8004B6F8	8004B6F8	94	80054E58
Ter_IsValidDropSurface	8004C798	54	8005661C
Ter_GetSupportingWorldMaterial	8004D838	58	800589E4
Ter_GetEnclosingGroundHeight	8004D9A8	38	80058C20
fn_80050BEC	80050BEC	40	8005CF38
Physics_OutOfBounds	80050CAC	78	8005D008
fn_80050F44	80050F44	44	8005D364
Physics_EstimateShotPower	80050F88	164	8005D3A8
Physics_GetLiePowerPercentage	800510EC	38	8005D50C
fn_80051C84	80051C84	4C	8005E2A4
Physics_FixBallHeight	8005418C	1B4	80061B1C
Physics_StopBall	80054340	110	80061CD0
Wind_Set	80055F88	40	800646B8
fn_80058E40	80058E40	58	8008CE84
Pad_State	80058EB8	4C	8008CEFC
fn_80058F5C	80058F5C	48	8008CFA0
SW_vInitSwing	80058FA4	AC	8008CFE8
SW_vClearBoosts	8005BFC0	5C	800907D0
fn_8005C15C	8005C15C	90	800908E0
Swing_SpinScale	8005C418	9C	80090B38
Swing_ApplySpin	8005C4B4	138	80090BD4
GOLFERSTATE_CloseONCE	8005CD94	DC	80091244
GOLFERSTATE_Kill	8005CE70	DC	80091320
GOLFERSTATE_Push	8005CF4C	88	800913FC
GOLFERSTATE_Pop	8005CFD4	88	80091484
GOLFERSTATE_Set	8005D05C	12C	8009150C
GOLFERSTATE_Switch	8005D188	F0	80091638
fn_8005D2F8	8005D2F8	50	800917A0
fn_8005D348	8005D348	60	800917F0
fn_8005D3A8	8005D3A8	A4	80091850
STATEFUNC_GreenUpdate	8005F840	90	80094050
STATEFUNC_GreenWatchRollInit	8005F978	10C	80094188
STATEFUNC_GreenWatchRollExit	8005FCC8	E0	800945A4
STATEFUNC_GreenReversePuttInit	8005FDA8	5C	80082F68
STATEFUNC_KneeCamInit	8005FF30	64	80094684
STATEFUNC_KneeCamExit	8006014C	9C	800948A0
STATEFUNC_ShowYardageExit	80061408	50	80095CAC
STATEFUNC_FadeToRemoveBallUpdate	800619B8	98	800962FC
STATEFUNC_WaitInit	80061FB0	74	800969D4
fn_80062E40	80062E40	DC	800975F8
StaticCam_SetupFlybyCameraPointers	8006596C	88	800A49D0
fn_80065C30	80065C30	3C	80012CCC
PlaceBall_CheckInBounds	80069428	70	800ABD40
fn_8006ACF8	8006ACF8	70	800ADA40
fn_8006AE50	8006AE50	268	800ADBA8
fn_8006B250	8006B250	74	800AE038
REPLAY_GetSpin	8006C2C8	38	800AFDFC
fn_8006C854	8006C854	98	800B0278
fn_8006D7E8	8006D7E8	50	800B15C8
fn_8006E424	8006E424	3C	800B1DB0
fn_8006ED70	8006ED70	50	800B2AA8
fn_8006EDC0	8006EDC0	1F8	800B2AFC
fn_8006F608	8006F608	44	800B3134
fn_8006FB10	8006FB10	E8	800B3658
fn_8006FBF8	8006FBF8	CC	800B3740
fn_8006FCDC	8006FCDC	F0	800B3814
fn_8006FDD4	8006FDD4	70	800B390C
fn_8006FE44	8006FE44	90	800B397C
fn_80071B94	80071B94	94	800B628C
fn_800723E8	800723E8	D8	800B6974
fn_800725BC	800725BC	50	800B6B78
fn_8007286C	8007286C	6C	800B6E54
fn_800728D8	800728D8	60	800B6EC0
fn_80072938	80072938	48	800B6F20
fn_80072D90	80072D90	148	800B73B0
fn_800734A0	800734A0	30	800B7B68
fn_800734D0	800734D0	84	800B7B98
fn_800740F4	800740F4	534	800B828C
fn_80074A24	80074A24	1BC	800B8C6C
fn_800752DC_PreloadQueue	800752DC	40	800B94F0
fn_800754C0	800754C0	130	800B96F4
fn_800757B8	800757B8	48	800B9B40
fn_80075800	80075800	80	800B9B88
fn_800758B4	800758B4	50	800B9C3C
fn_80075904	80075904	38	800B9C8C
LLVideo_HandleChunk	8007593C	60	800B9CC4
fn_80076BF0	80076BF0	30	800BD6F4
fn_80076D68	80076D68	B0	800BD874
fn_80076FDC	80076FDC	54	800BDB1C
FE_MakeMoviePath	80077030	3C	800BDB70
fn_8007706C	8007706C	40	800BDBAC
fn_8007739C	8007739C	5C	800BDE78
fn_8007BCC4	8007BCC4	54	800BF8F8
fn_8007BD44	8007BD44	40	800BF978
fn_8007C190	8007C190	68	800C000C
fn_8007C6E4	8007C6E4	64	800C0428
fn_8007C7EC	8007C7EC	30	800C055C
fn_8007CA4C	8007CA4C	80	800C0750
fn_8007CC0C	8007CC0C	84	800C0850
fn_8007CE20	8007CE20	38	800C0B18
fn_8007D028	8007D028	B8	800C0D80
fn_8007E358	8007E358	7C	800C2AF8
fn_8007E3D4	8007E3D4	84	800C2B74
fn_8007E93C	8007E93C	64	800C3444
fn_8007ED88	8007ED88	54	800C38A4
fn_8007EDDC	8007EDDC	64	800C38F8
fn_800804E4	800804E4	48	800C5D10
fn_80081530	80081530	B0	800C6BD4
fn_80082708	80082708	50	800C7CE0
fn_80082790	80082790	40	800C7D68
fn_8008299C	8008299C	38	800C7F7C
fn_80082A10	80082A10	34	800C7FF0
fn_80082CA8	80082CA8	34	800C8254
fn_80082DBC	80082DBC	54	800C836C
fn_80083430	80083430	50	800C8A0C
fn_80084258	80084258	30	800CB748
fn_80085E20	80085E20	13C	800C966C
fn_800860C8	800860C8	C4	800C97A8
fn_80086300	80086300	3C	800C9914
fn_80086460	80086460	40	800C9A78
fn_8008685C	8008685C	8C	800C9F1C
fn_800869A4	800869A4	2D4	800CA044
fn_80086D58	80086D58	84	800CA3F8
fn_80087420	80087420	40	800CA970
fn_80087510	80087510	38	800CAA38
fn_80087790	80087790	3C	800CAD40
fn_80087BE8	80087BE8	34	800CB058
fn_800880D0	800880D0	90	800CB524
fn_80088208	80088208	34	800CB65C
fn_800882F4	800882F4	30	800CB748
fn_80088428	80088428	4C	800CB80C
fn_80088474	80088474	7C	800CB858
fn_800884F0	800884F0	48	800CB8D4
fn_800885F8	800885F8	3C	800CB9D8
fn_80088660	80088660	D0	800CBA40
fn_800887C4	800887C4	40	800CBB4C
fn_800894E8	800894E8	9C	800CC838
fn_80089590	80089590	70	800CC8E0
fn_80089A50	80089A50	3C	800CCC58
fn_80089AD4	80089AD4	A4	800CCD00
fn_8008A188	8008A188	40	800C7D68
fn_8008A1C8	8008A1C8	40	800C7D68
fn_8008A964	8008A964	3C	801014A0
fn_8008A9E8	8008A9E8	C4	800C97A8
fn_8008EC30	8008EC30	30	800D6058
fn_8008EC68	8008EC68	C0	800D6090
fn_8008ED28	8008ED28	58	800D6150
fn_8008EFC0	8008EFC0	3C	800D62EC
fn_8008F0FC	8008F0FC	60	800D642C
fn_8008F194	8008F194	70	800D64C4
fn_8008F568	8008F568	A8	800D6754
fn_8008F610	8008F610	34	800D67FC
fn_8008FD60	8008FD60	7C	800D7010
fn_80090664	80090664	38	800D78C8
fn_800907AC	800907AC	E4	800D7A00
fn_800909B4	800909B4	40	800D7B6C
fn_800909F4	800909F4	6C	800D7BAC
fn_80090B10	80090B10	70	800D7CC8
fn_80091870	80091870	34	800D8B8C
fn_80091B98	80091B98	44	800D8EC8
fn_80092198	80092198	74	800D9640
fn_80094214	80094214	60	800DB6F4
fn_80094B84	80094B84	2B0	800DC2B8
TI_vInitModule	800952D8	8C	800DC9F0
TI_sRead	80095368	60	800DCA80
TI_sStopCounter	80095444	60	800DCB5C
TI_sReadCounter	800954A4	60	800DCBBC
fn_80095744	80095744	3C	800DD664
CharacterState_UpdateGameEmotionState	80096530	AC	800DE544
CharacterState_SetTapInState	800965DC	B4	800DE5F0
fn_80096F0C	80096F0C	2AC	800DEED0
fn_800975B0	800975B0	4C	800DF4BC
fn_80097624	80097624	64	800DF530
_EndGlowStrip	80098004	98	800DFC8C
fn_80098350	80098350	B8	800DFFF4
fn_8009884C	8009884C	38	800E04F8
fn_80098C70	80098C70	6C	800E0D54
fn_80099344	80099344	F8	800E1664
DEMO_Restore	8009A1F4	5C	800E25C4
fn_8009A250	8009A250	F0	800E6E68
SF_vCloseModule	8009B0D0	64	800E8F80
fn_8009B134	8009B134	58	800E8FE4
fn_8009B340	8009B340	98	800E926C
fn_8009B4B4	8009B4B4	74	800E94B0
fn_8009B528	8009B528	54	800E9524
fn_8009B57C	8009B57C	40	800E9578
fn_8009CDA0	8009CDA0	158	800EB1C0
fn_8009D010	8009D010	C4	800EB430
fn_8009D6CC	8009D6CC	5C	800EB8B4
fn_8009DCEC	8009DCEC	58	800EBE60
fn_8009DFD8	8009DFD8	158	800EC2D4
fn_8009E130	8009E130	150	800EC42C
fn_8009E360	8009E360	11C	800EC65C
fn_8009E544	8009E544	C0	800EC840
fn_8009EAF0	8009EAF0	40	800ECEB0
fn_8009ED34	8009ED34	F4	800ED138
fn_8009F780	8009F780	64	800ED3CC
MC_LoadInitialUser	8009F850	78	800ED4C8
MC_StringLength	800A19F8	30	800EF66C
MC_SkipToNextLine	800A1A90	98	800EF6E0
MC_CountSlusNumbers	800A1B28	6C	800EF778
MC_CountTitles	800A1B94	4C	800EF7E4
MC_FreeEAGameList	800A1BE0	78	800EF830
MC_TalleyEATitlesFound	800A2030	34	800EFC64
fn_800A2100	800A2100	8C	800EFD04
MC_FillCRCTable	800A253C	C8	800EFF94
fn_800A2A80	800A2A80	B4	800F03E8
fn_800A2B34	800A2B34	74	800F049C
fn_800A2BBC	800A2BBC	4C	800F0524
fn_800A2C08	800A2C08	34	800F0570
fn_800A3E3C	800A3E3C	FC	800F1C50
fn_800A3F58	800A3F58	3C	800F1D6C
fn_800A3FF4	800A3FF4	38	800F1E08
fn_800A4044	800A4044	3C	800F1E5C
fn_800A4170	800A4170	34	800F1FA0
fn_800A42B0	800A42B0	C4	800F2180
fn_800A4928	800A4928	7C	800F278C
fn_800A49A4	800A49A4	80	800F2808
fn_800A4C54	800A4C54	64	800F2A94
fn_800A4FD8	800A4FD8	34	800F2DA4
fn_800A6148	800A6148	7C	800F3FA4
fn_800A6EC8	800A6EC8	70	800F4CA4
fn_800A6F38	800A6F38	A8	800F4D14
fn_800A6FE0	800A6FE0	9C	800F4DBC
fn_800A70E4	800A70E4	68	800F4EC0
fn_800A714C	800A714C	4C	800F4F28
fn_800A7198	800A7198	4C	800F4F74
fn_800A71E4	800A71E4	3C	800F4FC0
fn_800A7220	800A7220	74	800F4FFC
fn_800A7294	800A7294	58	800F5070
fn_800A7350	800A7350	70	800F5154
fn_800A73C0	800A73C0	30	800F51C4
fn_800A75B4	800A75B4	40	800F5294
fn_800A75F4	800A75F4	50	800F52D4
fn_800A76E4	800A76E4	3C	800F5444
fn_800A7770	800A7770	70	800F54D0
fn_800A7A34	800A7A34	64	800F570C
fn_800A7A98	800A7A98	38	800F5770
fn_800A8248	800A8248	84	800F5DF4
fn_800A8524	800A8524	60	800F60C8
fn_800A8604	800A8604	AC	800F6170
fn_800A86BC	800A86BC	44	800F6228
Mas_SetSubmixAll	800A871C	30	800F6288
fn_800A87D8	800A87D8	4C	800F6344
Mov_Exit	800A8934	B4	800F64A4
Mov_Start	800A89E8	EC	800F6558
Mov_Tick	800A8C44	BC	800F6770
fn_800A8D54	800A8D54	34	800F687C
Ses_Init	800A8DC8	1A0	800F68F0
fn_800A8F68	800A8F68	4C	800F6A90
fn_800A8FB4	800A8FB4	48	800F6ADC
fn_800A8FFC	800A8FFC	260	800F6B24
InsertSortWorldPerf	800A9808	AC	800F7268
fn_800A9A50	800A9A50	74	800F74B0
Trk_Cycle	800A9AC8	100	800F7528
Trk_FreePerf	800A9D7C	100	800F77E0
Trk_Start	800AA0D8	40	800F7B40
Trk_Stop	800AA118	A0	800F7B80
Trk_StopAllVoices	800AA1B8	EC	800F7C20
Trk_Tick	800AA2A4	48	800F7D0C
Trk_VoiceEndCB	800AA400	44	800F7E50
fn_800AA618	800AA618	7C	800F8014
fn_800AA698	800AA698	AC	800F8094
fn_800AAAA4	800AAAA4	A4	800F84CC
fn_800AAB48	800AAB48	44	800F8570
fn_800AAB8C	800AAB8C	74	800F85B4
fn_800AAC00	800AAC00	78	800F8628
fn_800AAC78	800AAC78	44	800F86A0
fn_800AACBC	800AACBC	3C	800F86E4
fn_800AAD18	800AAD18	D0	800F8740
fn_800AAE90	800AAE90	5C	800F88E0
fn_800AB118	800AB118	34	800F8B70
fn_800AB14C	800AB14C	6C	800F8BA4
CheckQueue	800AB3A4	84	800F8D98
fn_800ABC54	800ABC54	48	800F9418
Stm_Start	800ABD0C	70	800F950C
Stm_Stop	800ABD7C	34	800F957C
fn_800AC330	800AC330	140	800F9B6C
Voc_Pause	800ACA5C	38	800FA28C
Voc_Stop	800ACA94	94	800FA2C4
Voc_Delete	800ACB28	70	800FA358
Voc_Cycle	800ACB98	15C	800FA3C8
Voc_PauseAll	800ACCF4	144	800FA524
fn_800ACE38	800ACE38	8C	800FA668
fn_800ACECC	800ACECC	1F8	800FA6F4
fn_800AD0C4	800AD0C4	100	800FA8EC
fn_800AD1C8	800AD1C8	B8	800FA9F0
fn_800ADF08	800ADF08	64	800FB670
fn_800ADF6C	800ADF6C	A0	800FB6D4
fn_800AE338	800AE338	48	800FBC78
fn_800AE3C4	800AE3C4	34	800FBD04
fn_800AF144	800AF144	E0	800FD3A8
fn_800AF2DC	800AF2DC	40	800FD52C
fn_800AF93C	800AF93C	80	800FDB8C
fn_800AFAB0	800AFAB0	98	800FDCF8
fn_800AFB50	800AFB50	48	800FDD98
fn_800AFB98	800AFB98	40	800FDDE0
fn_800AFCBC	800AFCBC	D0	800FDF04
fn_800B0624	800B0624	3C	800FE7CC
fn_800B0660	800B0660	38	800FE808
fn_800B0698	800B0698	34	800FE840
fn_800B06F4	800B06F4	54	800FE89C
fn_800B07A0	800B07A0	B8	800FE948
fn_800B0858	800B0858	FC	800FEA00
fn_800B1180	800B1180	8C	800FF2EC
fn_800B120C	800B120C	F0	800FF378
fn_800B12FC	800B12FC	100	800FF468
fn_800B13FC	800B13FC	E8	800FF568
fn_800B2150	800B2150	3C	801014A0
fn_800B2470	800B2470	60	80101768
fn_800B24E0	800B24E0	3C	801017D8
fn_800B34F0	800B34F0	3C	8010332C
fn_800B3D68	800B3D68	1E4	80103ACC
fn_800B3F9C	800B3F9C	16C	80103EF8
fn_800B4F24	800B4F24	80	80106524
fn_800B5934	800B5934	38	80107170
fn_800B5B2C	800B5B2C	54	80107364
fn_800B5B80	800B5B80	58	801073B8
GoARAM_HeapMergeFreeBlock	800B5F8C	A8	801077B8
GoARAM_BlockRemove	800B60B0	40	801078DC
GoARAM_BlockInsertSorted	800B60F0	98	8010791C
GoARAM_Shutdown	800B64D8	84	80107CD8
GoARAM_Alloc	800B6564	30	80107D64
fn_800B6C14	800B6C14	BC	80108694
fn_800B6CD8	800B6CD8	CC	80108758
fn_800B6DA4	800B6DA4	78	80108824
fn_800B6E1C	800B6E1C	1B0	8010889C
fn_800B7DF4	800B7DF4	44	8010979C
fn_800B8AA0	800B8AA0	1B4	8010A5B4
fn_800B8F28	800B8F28	1CC	8010AB44
fn_800B920C	800B920C	80	8010AE2C
fn_800BA940	800BA940	10C	8010DAF4
fn_800BB218	800BB218	30	800A6CD8
SitDev_GetCommentaryZones	800BB6FC	B0	800A6D08
GolfCamera_InitSteepSlopeCamera	800BEEB0	78	8009B668
fn_800C34F8	800C34F8	44	8009FD58
fn_800C6B38	800C6B38	44	800A2A20
fn_800C7970	800C7970	4C	800A503C
Ter_GetSupportingGroundMaterial	800CC190	5C	8005895C
fn_800D0D54	800D0D54	74	80067D44
fn_800D1C38	800D1C38	64	8006503C
fn_800D2C30	800D2C30	38	8006969C
fn_800D3244	800D3244	164	80069AE0
GM_GetHighestRatedGolfer	800D3C1C	60	8006A84C
fn_800D4694	800D4694	54	8006B0B0
fn_800D46E8	800D46E8	94	8006B104
fn_800DAD54	800DAD54	6C	80105ED0
fn_800DADC0	800DADC0	84	80105F3C
fn_800DAE44	800DAE44	40	8003C1C8
fn_800DBF34	800DBF34	78	8003D378
fn_800DC18C	800DC18C	104	8003D79C
GameEffects_FieldOfViewChange	800DC3A4	B8	8003DB9C
fn_800DC498	800DC498	7C	8003DC90
GameEffects_SetSuperSlowMo	800DC524	140	8003DD1C
fn_800DC9D4	800DC9D4	C0	8003E1CC
GameEffects_GetLetterboxHeight	800DCA94	44	8003E28C
fn_800DCC30	800DCC30	40	80071600
GM_GotoNextSelectedHole	800DCC70	9C	80071640
GM_HoleFinished_GameNotFinished	800DD1E0	C8	80071B3C
GM_CheckBallForUIHints	800DD728	160	80071FA8
GM_ShowPostShotCrowdFlyby	800DE7D8	50	80072DC4
GM_FlyByMode_Init	800DE828	68	80072E14
GM_Update	800DE890	A0	80072E7C
GM_ReplaceOOBBall	800DEA44	118	80072FE4
fn_800DEB5C	800DEB5C	D8	800730FC
fn_800DFC18	800DFC18	54	800740AC
fn_800DFF0C	800DFF0C	EC	80074388
fn_800E012C	800E012C	D4	800745A8
fn_800E1260	800E1260	1A4	80074E4C
fn_800E1404	800E1404	30	80074FF0
fn_800E1434	800E1434	4C	80075020
fn_800E16F4	800E16F4	40	80075270
fn_800E1734	800E1734	48	800752B0
fn_800E1BBC	800E1BBC	EC	80075704
fn_800E1CA8	800E1CA8	40	800757F0
fn_800E23B0	800E23B0	3C	80075EA0
fn_800E2470	800E2470	B0	80075F68
GameManager_GetHoleName	800E276C	3C	800761E0
fn_800E27C0	800E27C0	50	80076234
fn_800E295C	800E295C	40	80076348
fn_800E2A88	800E2A88	B8	8007649C
fn_800E2B40	800E2B40	64	80076554
fn_800E2EAC	800E2EAC	68	800767CC
fn_800E3D38	800E3D38	58	800772E4
fn_800E3D90	800E3D90	4C	8007733C
fn_800E3DDC	800E3DDC	30	80077388
fn_800E430C	800E430C	58	80077880
fn_800E5DA0	800E5DA0	44	80078BC8
fn_800E60E4	800E60E4	8C	80078EE4
fn_800E83F8	800E83F8	B8	800844E8
GameModeFourBall_Init	800E8D58	CC	80079620
fn_800EBD28	800EBD28	38	8007B578
fn_800ED5C8	800ED5C8	3C	8007CC6C
fn_800ED604	800ED604	4C	8007CCA8
fn_800ED738	800ED738	158	8007CD8C
fn_800ED908	800ED908	6C	8007CF4C
fn_800EDA34	800EDA34	40	8007D058
fn_800EDA74	800EDA74	6C	8007D098
fn_800F0448	800F0448	D0	80068818
GameModeDriverRTE_UnregisterStreamClients	800F0570	40	800ECEB0
fn_800F0678	800F0678	64	80068CF8
GameModeReplay_Init	800F125C	12C	8007D33C
GameModeReplay_LoadHole	800F1388	7C	8007D468
fn_800F1BD8	800F1BD8	5C	800BB734
fn_800F1C34	800F1C34	40	800BB790
fn_800F1E58	800F1E58	8C	800BBC70
fn_800F3358	800F3358	78	800E6844
fn_800F3438	800F3438	58	800E6924
fn_800F354C	800F354C	F0	800E6A28
fn_800F3668	800F3668	3C	800E6B44
fn_800F3828	800F3828	38	800E6D14
fn_800F392C	800F392C	54	800E6E14
fn_800F46E4	800F46E4	38	801007BC
fn_800F4784	800F4784	54	8010085C
fn_800F4F40	800F4F40	D4	800E41B0
fn_800F56D4	800F56D4	A8	800E4A10
fn_800F57C8	800F57C8	40	800E4B04
fn_800F5870	800F5870	44	800E4BAC
fn_800F5AAC	800F5AAC	21C	800E3DD0
fn_800F66A0	800F66A0	9C	800E59F4
fn_800F6788	800F6788	58	800E5ADC
fn_800F6848	800F6848	7C	800E5B9C
fn_800F6A60	800F6A60	264	800E2620
GameModeSkins_Init	800F80FC	F0	8007DAF4
fn_800F9328	800F9328	B0	8007EDAC
fn_800F93D8	800F93D8	3C	8007EE5C
fn_800F9414	800F9414	38	8007EE98
fn_800F944C	800F944C	1C4	8007EED0
fn_800F9610	800F9610	214	8007F094
fn_800F986C	800F986C	1EC	8007F2F0
fn_800F9A58	800F9A58	58	8007F4DC
fn_800F9AB0	800F9AB0	84	8007F534
fn_800F9B34	800F9B34	C4	8007F5B8
fn_800F9C00	800F9C00	48	8007F684
fn_800FA118	800FA118	30	8007FB6C
fn_800FA4B8	800FA4B8	60	8007FE7C
fn_800FA570	800FA570	98	8007FF34
fn_800FA9E0	800FA9E0	90	800804B8
fn_800FCBDC	800FCBDC	5C	80082F68
fn_800FDC0C	800FDC0C	50	800840B4
fn_800FDF60	800FDF60	64	800843A8
GameModeStableford_SetupNextGolfer	800FE344	B8	800844E8
fn_800FEAFC	800FEAFC	17C	800BA548
fn_800FEFF8	800FEFF8	40	800BABF0
GameModeStroke_Init	800FF700	DC	8008440C
GameModeStroke_SetupNextGolfer	800FF7DC	B8	800844E8
GameModeStroke_HoleFinished	800FFCCC	88	80084AFC
fn_80100128	80100128	38	8008929C
fn_801002C0	801002C0	48	800893F4
fn_80100AF8	80100AF8	40	80089C8C
GameMode4_Init	80101FEC	D0	80068818
GameMode4_Shutdown	80102404	64	80068CF8
fn_801088C8	801088C8	3C	801014A0
fn_801089DC	801089DC	30	800CB748
fn_80114398	80114398	38	8002645C
CalcAllComplex1Stats	8011B00C	3C	80012CCC
CalcAllComplex2Stats	8011B100	3C	80012CCC
fn_8011EBF8	8011EBF8	34	8010B62C
VIWaitForRetrace	8012F314	54	8010E9C4
setFbbRegs	8012F368	2D4	8010EA18
VISetNextFrameBuffer	80130134	6C	8010F744
VISetBlack	801301A0	7C	8010F7B0
getCurrentFieldEvenOdd	8013021C	68	8010F82C
VIGetNextField	80130284	A8	8010F894
VIGetCurrentLine	8013032C	98	8010F93C
EXIClearInterrupts	80130B40	48	80110164
InitializeUART	80131D08	70	8011131C
WriteUARTN	80131D78	200	8011138C
SIIsChanBusy	80131F98	3C	801115AC
CompleteTransfer	80131FD4	2FC	801115E8
SIInterruptHandler	801322D0	344	801118E4
SIEnablePollingInterrupt	80132614	98	80111C28
SIRegisterPollingHandler	801326AC	CC	80111CC0
SIUnregisterPollingHandler	80132778	F4	80111D8C
__SITransfer	80132920	20C	80111F24
SIGetStatus	80132B2C	7C	80112130
SISetXY	80132BCC	6C	801121D0
SIEnablePolling	80132C38	9C	8011223C
SIDisablePolling	80132CD4	6C	801122D8
SIGetResponseRaw	80132D40	D4	80112344
SIGetResponse	80132E14	C4	80112418
AlarmHandler	80132ED8	8C	801124DC
SITransfer	80132F64	16C	80112568
GetTypeCallback	801330D0	298	801126D4
SIGetType	80133368	1C4	8011296C
SIGetTypeAsync	8013352C	13C	80112B30
SIDecodeType	80133668	14C	80112C6C
SISetSamplingRate	801337D8	E4	80112DDC
ARStartDMA	8013395C	F0	80112F60
__ARHandler	80133B20	78	8011311C
__ARQServiceQueueLo	8013538C	100	80113AA8
__ARQInterruptServiceRoutine	80135490	CC	80113BAC
ARQPostRequest	801355CC	15C	80113CE0
__AXServiceCallbackStack	80135864	74	80113F98
__AXAllocInit	801358D8	B4	8011400C
__AXRemoveFromStack	801359D8	94	8011410C
AXAcquireVoice	80135A6C	174	801141A0
__AXAuxInit	80135BE0	E4	80114314
__AXProcessAux	80135E1C	23C	80114550
__AXGetCommandListAddress	8013606C	3C	801147A0
__AXNextFrame	801360A8	6B0	801147DC
__AXOutNewFrame	80136790	188	80114EC4
__AXOutAiCallback	80136918	68	8011504C
__AXDSPResumeCallback	8013698C	58	801150C0
__AXOutInitDSP	801369F0	C4	80115124
__AXOutInit	80136AB4	340	801151E8
__AXPrintStudio	80136E08	3F8	8011553C
__AXDepopVoice	8013722C	94	80115960
__AXServiceVPB	801372C8	6FC	801159FC
__AXSyncPBs	801379C4	268	801160F8
__AXSetPBDefault	80137C38	3C	8011636C
__AXVPBInit	80137C74	1FC	801163A8
AXSetVoiceSrcType	80137E70	C4	801165A4
AXSetVoiceState	80137F34	5C	80116668
AXSetVoiceType	80137F90	4C	801166C4
AXSetVoiceAdpcm	80137FDC	A4	80116710
AXSetVoiceSrcRatio	80138080	98	801167B4
AXSetVoiceAdpcmLoop	80138118	6C	8011684C
__AXGetCurrentProfile	80138184	48	801168B8
ReverbHICreate	801381CC	4EC	80116900
DoCrossTalk	801386B8	190	80116DEC
HandleReverb	80138848	50C	80116F7C
AXFXReverbHiInit	80138D54	70	80117488
AXFXReverbHiCallback	80138DC4	104	801174F8
AXFXDelayCallback	80138EC8	1D0	801175FC
AXFXDelaySettings	80139098	204	801177CC
AXFXDelayInit	8013929C	48	801179D0
AXFXDelayShutdown	801392E4	90	80117A18
__DBExceptionDestinationAux	801394E8	48	8011E388
DSPAddTask	801396C4	70	8011E558
DSPAssertTask	80139734	C8	8011E5C8
__DSPHandler	8013984C	424	8011E6E0
__DSP_exec_task	80139C70	1A0	8011EB04
__DSP_boot_task	80139E10	18C	8011ECA4
__DSP_insert_task	80139F9C	A0	8011EE30
__DSP_remove_task	8013A03C	94	8011EED0
__DVDInitWA	8013A0D0	40	8011EF64
AlarmHandler	8013A3F0	84	8011F298
AlarmHandlerForTimeout	8013A474	70	8011F31C
Read	8013A4E4	110	8011F38C
SeekTwiceBeforeRead	8013A5F4	80	8011F49C
DVDLowRead	8013A674	298	8011F51C
DVDLowSeek	8013A90C	94	8011F7B4
DVDLowReadDiskID	8013A9CC	A4	8011F874
DVDLowInquiry	8013AB88	9C	8011FA30
DVDLowAudioStream	8013AC24	98	8011FACC
DVDLowRequestAudioStatus	8013ACBC	8C	8011FB64
DVDLowAudioBufferConfig	8013AD48	9C	8011FBF0
DVDLowReset	8013ADE4	BC	8011FC8C
__DVDLowSetWAType	8013AECC	44	8011FD74
__DVDFSInit	8013AF10	38	8011FDB8
DVDConvertPathToEntrynum	8013AF48	2F4	8011FDF0
DVDFastOpen	8013B23C	74	801200E4
DVDReadAsyncPrio	8013B2D4	C0	8012017C
cbForReadAsync	8013B394	30	8012023C
CategorizeError	8013B6BC	B4	801205A8
cbForStateGettingError	8013B770	294	8012065C
cbForUnrecoveredError	8013BA04	68	801208F0
cbForUnrecoveredErrorRetry	8013BA6C	98	80120958
cbForStateGoToRetry	8013BB2C	158	80120A18
stateCheckID3	8013BD64	34	80120C54
stateCheckID2a	8013BD98	34	80120C54
stateCheckID2	8013BE40	38	80120C88
cbForStateCheckID1	8013BE78	114	80120CC0
cbForStateCheckID3	8013C070	FC	80120E78
AlarmHandler	8013C16C	44	80120F74
stateCoverClosed	8013C1B0	CC	80120FB8
stateCoverClosed_CMD	8013C27C	30	80121084
cbForStateCoverClosed	8013C2AC	70	801210B4
cbForStateMotorStopped	8013C344	E4	8012114C
DVDReadAbsAsyncPrio	8013D05C	DC	80121D0C
DVDReadAbsAsyncForBS	8013D138	D0	80121DE8
DVDReadDiskID	8013D208	D4	80121EB8
DVDInquiryAsync	8013D3EC	D0	80121F8C
DVDReset	8013D4BC	44	8012205C
DVDGetDriveStatus	8013D54C	AC	801220A0
DVDCancelAsync	8013D608	270	8012215C
DVDCancel	8013D878	AC	801223CC
DVDCheckDisk	8013DAB4	E4	801224A4
__DVDPrepareResetAsync	8013DB98	11C	80122588
__DVDClearWaitingQueue	8013DCB4	38	801226A4
__DVDPushWaitingQueue	8013DCEC	68	801226DC
__DVDPopWaitingQueue	8013DD54	A0	80122744
__DVDCheckWaitingQueue	8013DDF4	58	801227E4
__DVDDequeueWaitingQueue	8013DE4C	60	8012283C
ErrorCode2Num	8013DEAC	11C	8012289C
__DVDStoreErrorCode	8013DFC8	7C	801229B8
cb	8013E16C	D8	80122A34
__fstLoad	8013E244	168	80122B0C
GXInitFifoBase	8013F6B0	6C	80123EA0
GXInitFifoPtrs	8013F71C	70	80123F0C
__GXSaveCPUFifoAux	8013FA40	DC	80124230
GXGetFifoPtrs	8013FC2C	98	8012430C
__GXFifoInit	8013FDEC	4C	801244E4
GXResetWriteGatherPipe	80141170	34	80125660
GXDrawDone	8014123C	80	801258BC
GXPokeBlendMode	80141324	88	801259A4
GXTokenInterruptHandler	80141420	88	80125AA0
GXFinishInterruptHandler	801414A8	84	80125B28
__GXPEInit	8014152C	80	80125BAC
GXAdjustForOverscan	8014195C	120	8012600C
GXGetTexBufferSize	801427D0	15C	80127240
__GetImageTileCount	8014292C	C8	8012739C
GXInitTexObj	801429F4	274	80127464
GXInitTexObjCI	80142C68	48	801276D8
GXInitTexObjLOD	80142CB0	194	80127720
GXInitTlutObj	80143038	48	80127AD0
GXInitTexCacheRegion	8014311C	120	80127BB4
GXInitTlutRegion	8014323C	48	80127CD4
GXInvalidateTexAll	80143284	48	80127D1C
__GXSetTmemConfig	80143528	240	80127FD4
GXSetTevDirect	801439A8	48	801284B0
__MIXSetPan	80145998	BC	8012A9A0
MIXInit	80145A54	C8	8012AA5C
MIXInitChannel	80145B24	E74	8012AB2C
MIXUnMute	80146AE8	30	8012BAF0
MIXUpdateSettings	80146B18	107C	8012BB20
PSMTXInvXpose	80147C8C	C8	8012CBC8
C_MTXOrtho	80147DB0	98	8012CC90
ClearArena	80147E70	128	8012CD50
InquiryCallback	80147F98	3C	8012CE78
OSExceptionInit	8014834C	280	8012D26C
OSExceptionVector	80148624	9C	8012D544
OSDefaultExceptionHandler	801486C0	58	8012D5E0
__OSPSInit	80148718	38	8012D638
OSInitAlarm	80148790	4C	8012D684
InsertAlarm	801487EC	250	8012D6DC
OSSetAlarm	80148A3C	68	8012D92C
OSCancelAlarm	80148AA4	11C	8012D994
DecrementerExceptionCallback	80148BC0	230	8012DAB0
DLInsert	80148E40	AC	8012DD30
OSAllocFromHeap	80148EEC	FC	8012DDDC
OSFreeToHeap	80148FE8	7C	8012DED8
OSInitAlloc	80149074	70	8012DF64
OSCreateHeap	801490E4	6C	8012DFD4
__OSInitAudioSystem	80149170	1BC	8012E060
__OSStopAudioSystem	8014932C	D8	8012E21C
L2GlobalInvalidate	80149550	98	8012E454
DMAErrorHandler	801495E8	160	8012E4EC
__OSCacheInit	80149748	F4	8012E64C
__OSLoadFPUContext	8014983C	124	8012E740
__OSSaveFPUContext	80149960	128	8012E864
OSSetCurrentContext	80149A90	5C	8012E98C
OSSaveContext	80149AF8	80	8012E9F4
OSInitContext	80149C7C	BC	8012EB78
OSDumpContext	80149D38	2A8	8012EC34
OSSwitchFPUContext	80149FE0	84	8012EEDC
__OSContextInit	8014A064	48	8012EF60
OSReport	8014A0AC	80	8012EFA8
OSPanic	8014A12C	12C	8012F028
OSGetFontEncode	8014A758	58	8012F370
__OSInterruptInit	8014A82C	74	8012F444
SetInterruptMask	8014A8A0	2D8	8012F4B8
__OSMaskInterrupts	8014AB78	88	8012F790
__OSUnmaskInterrupts	8014AC00	88	8012F818
__OSDispatchInterrupt	8014AC88	344	8012F8A0
OnReset	8014B034	3C	8012FC4C
MEMIntrruptHandler	8014B070	6C	8012FC88
__OSInitMemoryProtection	8014B1F4	120	8012FE0C
OSInitMutex	8014B314	38	8012FF2C
OSLockMutex	8014B34C	DC	8012FF64
OSUnlockMutex	8014B428	C8	80130040
__OSUnlockAllMutex	8014B4F0	70	80130108
__OSCheckMutex	8014B560	100	80130178
__OSCheckDeadLock	8014B660	38	80130278
__OSCheckMutexes	8014B698	74	801302B0
OSRegisterResetFunction	8014B8F0	84	80130530
Reset	8014B974	70	801305B4
__OSDoHotReset	8014B9E4	48	80130624
OSResetSystem	8014BA2C	278	8013066C
OSGetResetCode	8014BCA4	30	801308E4
__OSResetSWInterruptHandler	8014BCD4	F4	80130914
OSGetResetButtonState	8014BDC8	298	80130A08
WriteSramCallback	8014C060	60	80130CA0
WriteSram	8014C0C0	118	80130D00
__OSInitSram	8014C1D8	134	80130E18
__OSLockSram	8014C30C	5C	80130F4C
__OSLockSramEx	8014C368	5C	80130FA8
UnlockSram	8014C3C4	308	80131004
OSGetSoundMode	8014C724	80	80131364
OSGetWirelessID	8014C7A4	84	801313E4
OSSetWirelessID	8014C828	AC	80131468
OSInitSemaphore	8014C8D4	58	80131514
OSWaitSemaphore	8014C92C	70	8013156C
OSSignalSemaphore	8014C99C	60	801315DC
__OSInitSystemCall	8014CA1C	64	8013165C
UnsetRun	8014CC78	68	80131884
__OSGetEffectivePriority	8014CCE0	3C	801318EC
SetEffectivePriority	8014CD1C	1C0	80131928
__OSPromoteThread	8014CEDC	50	80131AE8
__OSReschedule	8014D154	30	80131D38
OSExitThread	8014D36C	E4	80131E88
OSCancelThread	8014D450	1BC	80131F6C
OSResumeThread	8014D60C	288	80132128
OSSuspendThread	8014D894	170	801323B0
OSSleepThread	8014DA04	EC	80132520
OSWakeupThread	8014DAF0	104	8013260C
CheckThreadQueue	8014DBF4	9C	80132710
OSCheckActiveThreads	8014DC90	750	801327AC
__OSGetSystemTime	8014E4AC	64	80132F1C
GetDates	8014E510	19C	80132F80
OSTicksToCalendarTime	8014E6AC	204	8013311C
__init_cpp	8014E8D0	54	80133340
UpdateOrigin	8014EB88	1A4	801333B4
PADOriginCallback	8014ED2C	C4	80133558
PADOriginUpdateCallback	8014EDF0	C0	8013361C
PADProbeCallback	8014EEB0	D8	801336DC
PADTypeAndStatusCallback	8014EF88	32C	801337B4
PADReceiveCheckCallback	8014F2B4	134	80133AE0
PADReset	8014F3E8	100	80133C14
PADRead	8014F804	3AC	80133F24
PADControlMotor	8014FBB0	A4	801342D0
PADSetSpec	8014FC54	60	80134374
SPEC0_MakeStatus	8014FCB4	174	801343D4
SPEC1_MakeStatus	8014FE28	174	80134548
SPEC2_MakeStatus	8014FF9C	3F8	801346BC
OnReset	80150394	194	80134AB4
SamplingHandler	80150528	60	80134C48
PADSetSamplingCallback	80150588	54	80134CA8
__PADDisableRecalibration	801505DC	7C	80134CFC
AIInitDMA	8015069C	88	80134DBC
AISetStreamPlayState	8015073C	D8	80134E5C
AISetDSPSampleRate	80150824	E0	80134F44
__AI_set_stream_sample_rate	80150918	D4	80135038
__AISHandler	80150BC0	7C	801352E4
__AICallbackStackSwitch	80150CE8	58	801353F0
__AI_SRC_INIT	80150D40	1E4	80135448
DBWrite	80150F2C	260	80135634
DBRead	8015118C	8C	80135894
DBQueryData	80151218	9C	80135920
DBInitInterrupts	801512B4	54	801359BC
DBInitComm	80151308	78	80135A10
DBGHandler	80151380	40	80135A88
MWCallback	801513C0	3C	80135AC8
DBGWrite	801514A8	DC	80135BB0
DBGRead	80151584	DC	80135C8C
DBGEXIImm	8015170C	298	80135E14
__destroy_global_chain	80151A6C	48	80136198
__cvt_fp2unsigned	80151AB4	5C	801361E0
__save_fpr	80151B10	4C	8013623C
__restore_fpr	80151B5C	4C	80136288
__div2u	80151BA8	EC	801362D4
__div2i	80151C94	138	801363C0
__mod2u	80151DCC	E4	801364F8
__mod2i	80151EB0	10C	801365DC
__cvt_dbl_usll	8015202C	CC	801367F8
__pool_free	80152310	58	80136A90
deallocate_from_fixed_pools	80152368	158	80136AE8
deallocate_from_var_pools	801524C0	294	80136C40
__flush_all	80152754	70	80136ED4
__num2dec	801538EC	1A4	80138018
__equals_dec	80154340	10C	80138A80
__flush_buffer	80155E48	C4	8013A564
__prep_buffer	80155F0C	34	8013A628
__fwrite	80155F88	30C	8013A680
fflush	80156310	138	8013A9AC
fclose	80156448	1BC	8013AAE4
_fseek	80156670	23C	8013ACC0
mbtowc	80156A6C	120	8013B088
is_utf8_complete	80156B8C	EC	8013B1A8
memmove	80156D1C	CC	8013B338
sprintf	801570C8	E0	8013B6E8
vsprintf	8015727C	78	8013B7C8
__StringWrite	80157474	6C	8013B988
__FileWrite	801574E0	58	8013B9F4
qsort	8015929C	16C	8013D714
sscanf	80159408	C4	8013D880
__StringRead	801594CC	90	8013D944
strtok	8015A4B8	13C	8013E8D4
strchr	8015A5F4	30	8013EA10
strcmp	8015A664	128	8013EA80
strncpy	8015A7B8	44	8013EBD4
strcpy	8015A7FC	B8	8013EC18
__ieee754_log	8015CDC0	27C	80140EDC
__ieee754_pow	8015D03C	8B4	80141158
__kernel_cos	8015DC90	F4	80141DB0
__kernel_sin	8015EBD8	A0	80142D00
__kernel_tan	8015EC78	214	80142DA0
atan	8015EE8C	218	80142FB4
cos	8015F0CC	D4	80143338
floor	8015F1A0	148	8014340C
frexp	8015F2E8	8C	80143554
ldexp	8015F374	1C4	801435E0
modf	8015F538	FC	801437A4
sin	8015F634	D8	80143A24
tan	8015F70C	78	80143AFC
TRKPostEvent	8015FA04	E0	80143D6C
TRKGetNextEvent	8015FAE4	B4	80143E4C
TRKInitializeEventQueue	8015FB98	58	80143F00
TRKReadBuffer_ui32	8015FDCC	F0	801442B4
TRKReadBuffer_ui8	8015FEBC	98	801443A4
TRKReadBuffer1_ui64	8015FF54	E8	8014443C
TRKAppendBuffer_ui8	80160138	68	801447CC
TRKReadBuffer	8016029C	8C	80144974
TRKAppendBuffer	80160328	A4	80144A00
TRKSetBufferPosition	801603CC	30	80144AA4
TRKReleaseBuffer	8016043C	64	80144B14
TRKGetFreeBuffer	801604CC	C8	80144BA4
TRKInitializeMessageBuffers	80160594	74	80144C6C
TRKProcessInput	801606D4	50	80144D0C
usr_puts_serial	801608C4	88	801450B0
TRK_flush_cache	80162278	38	801483E4
TRK_ppc_memcpy	80162378	3C	801484E8
TRKInterruptHandler	801623B4	194	80148524
TRKExceptionHandler	80162548	9C	801486B8
TRKSwapAndGo	801625E4	C4	80148754
TRKTargetAccessExtended2	80162E04	438	80149320
TRKTargetAccessExtended1	8016323C	170	80149758
TRKTargetAccessDefault	80163878	F4	80149A04
TRKTargetAccessMemory	801639B8	14C	80149AF8
TRKSaveExtended1Block	80163DD0	1B8	80149ED0
TRKRestoreExtended1Block	80163F88	1B8	8014A088
TRKInitializeTarget	801641D8	4C	80149E24
TRKLoadContext	80164420	88	8014A28C
TRKEXICallBack	80164940	38	8014A700
TRKTargetContinue	80164978	34	8014A738
fn_80165ACC	80165ACC	C4	800CD174
fn_80165C74	80165C74	B8	800CD8A0
fn_8016604C	8016604C	4C	800CD648
fn_80168644	80168644	B4	800D1F84
fn_80168B80	80168B80	A4	800D1B70
fn_80168C24	80168C24	B4	800D1ABC
fn_80168EE8	80168EE8	74	800D1850
fn_80168F5C	80168F5C	6C	800D17E4
fn_80168FC8	80168FC8	340	800D14A4
fn_80169308	80169308	198	800D130C
fn_801694A0	801694A0	80	800D128C
fn_80169520	80169520	70	800D121C
fn_80169D90	80169D90	34	800D0B84
fn_80169DC4	80169DC4	26C	800D0918
fn_8016A030	8016A030	2A4	800D0674
fn_8016A2D4	8016A2D4	23C	800D03A8
fn_8016AD54	8016AD54	198	800CFC98
fn_8016B0F8	8016B0F8	90	800D3308
fn_8016B808	8016B808	3C	800D2E9C
fn_8016BEDC	8016BEDC	280	800D2720
fn_8016C1A4	8016C1A4	CC	800D24EC
fn_8016C270	8016C270	354	800D2198
fn_8016C5C4	8016C5C4	50	800D2148
fn_8016C614	8016C614	60	800D20E8
fn_8016C674	8016C674	50	800D2098
fn_8016C6C4	8016C6C4	54	800D2044
__CARDSyncCallback	80176A3C	34	80117BB0
__CARDExtHandler	80176A70	D8	80117BE4
__CARDExiHandler	80176B48	118	80117CBC
__CARDTxHandler	80176C60	A8	80117DD4
__CARDUnlockedHandler	80176D08	84	80117E7C
__CARDEnableInterrupt	80176D8C	C0	80117F00
__CARDReadStatus	80176E4C	F0	80117FC0
__CARDClearStatus	80176F3C	AC	801180B0
TimeoutHandler	80176FE8	A4	8011815C
Retry	8017708C	22C	80118200
UnlockedCallback	801772B8	110	8011842C
__CARDStart	801773C8	1B4	8011853C
__CARDReadSegment	8017757C	134	801186F0
__CARDWritePage	801776B0	11C	80118824
__CARDEraseSector	801777CC	E0	80118940
__CARDSetDiskID	80177960	38	80118ABC
__CARDGetControlBlock	80177998	B8	80118AF4
__CARDPutControlBlock	80177A50	64	80118BAC
CARDGetResultCode	80177AB4	30	80118C10
CARDFreeBlocks	80177AE4	150	80118C40
CARDGetEncoding	80177C34	88	80118D90
__CARDSync	80177CBC	98	80118E18
OnReset	80177D54	50	80118EB0
bitrev	80177DA4	16C	80118F00
ReadArrayUnlock	80177F10	144	8011906C
DummyLen	80178054	C4	801191B0
__CARDUnlock	80178118	B58	80119274
InitCallback	80178C70	70	80119DCC
DoneCallback	80178CE0	324	80119E3C
__CARDRead	801790E0	64	8011A23C
__CARDWrite	80179220	64	8011A37C
WriteCallback	801792A4	D4	8011A400
__CARDAllocBlock	80179440	118	8011A59C
__CARDFreeBlock	80179558	9C	8011A6B4
__CARDUpdateFatBlock	801795F4	AC	8011A750
WriteCallback	801796A8	D0	8011A804
__CARDUpdateDir	80179840	C4	8011A99C
__CARDCheckSum	80179904	1B0	8011AA60
VerifyDir	80179D38	240	8011AE94
VerifyFAT	80179F78	284	8011B0D4
__CARDVerify	8017A1FC	8C	8011B358
CARDCheckExAsync	8017A288	590	8011B3E4
IsCard	8017A840	CC	8011B99C
CARDProbeEx	8017A90C	17C	8011BA68
DoMount	8017AA88	410	8011BBE4
CARDMountAsync	8017AFD0	1A0	8011C0FC
DoUnmount	8017B170	9C	8011C29C
CARDUnmount	8017B20C	AC	8011C338
FormatCallback	8017B2B8	144	8011C3E4
__CARDFormatRegionAsync	8017B3FC	658	8011C528
CARDFormatAsync	8017BA54	48	8011CB80
__CARDCompareFileName	8017BA9C	68	8011CBC8
CARDClose	8017C130	54	8011CFC0
CreateCallbackFat	8017C18C	130	8011D01C
CARDCreateAsync	8017C2BC	220	8011D14C
__CARDSeek	8017C4DC	1B8	8011D36C
ReadCallback	8017C694	130	8011D524
WriteCallback	8017C950	170	8011D79C
EraseCallback	8017CAC0	B0	8011D90C
CARDWriteAsync	8017CB70	114	8011D9BC
DeleteCallback	8017CC84	A4	8011DAD0
CARDDeleteAsync	8017CE54	110	8011DB74
UpdateIconOffsets	8017CF64	1F8	8011DC84
CARDSetStatusAsync	8017D270	174	8011DFA8
CARDSetStatus	8017D3E4	48	8011E11C
CARDRenameAsync	8017D42C	1FC	8011E164
CARDSetAttributes	8017DA8C	48	8011E11C
